Workbook

Sheet Summary
A1: Summary
A2: All figures are formulas over the Test Cases sheet.
A4: Module | B4: Total | C4: P1 (release gate) | D4: P2 | E4: P3 | F4: Smoke | G4: Seeded-defect checks | H4: Automated | I4: Blocked | J4: Sensitive
A5: Authentication & Session | B5: =COUNTIF('Test Cases'!$C$5:$C$110,A5) | C5: =COUNTIFS('Test Cases'!$C$5:$C$110,A5,'Test Cases'!$P$5:$P$110,"P1") | D5: =COUNTIFS('Test Cases'!$C$5:$C$110,A5,'Test Cases'!$P$5:$P$110,"P2") | E5: =COUNTIFS('Test Cases'!$C$5:$C$110,A5,'Test Cases'!$P$5:$P$110,"P3") | F5: =COUNTIFS('Test Cases'!$C$5:$C$110,A5,'Test Cases'!$S$5:$S$110,"Y") | G5: =COUNTIFS('Test Cases'!$C$5:$C$110,A5,'Test Cases'!$G$5:$G$110,"?*") | H5: =COUNTIFS('Test Cases'!$C$5:$C$110,A5,'Test Cases'!$V$5:$V$110,"Automated") | I5: =COUNTIFS('Test Cases'!$C$5:$C$110,A5,'Test Cases'!$V$5:$V$110,"Blocked") | J5: =COUNTIFS('Test Cases'!$C$5:$C$110,A5,'Test Cases'!$T$5:$T$110,"Y")
A6: Agent Dashboard | B6: =COUNTIF('Test Cases'!$C$5:$C$110,A6) | C6: =COUNTIFS('Test Cases'!$C$5:$C$110,A6,'Test Cases'!$P$5:$P$110,"P1") | D6: =COUNTIFS('Test Cases'!$C$5:$C$110,A6,'Test Cases'!$P$5:$P$110,"P2") | E6: =COUNTIFS('Test Cases'!$C$5:$C$110,A6,'Test Cases'!$P$5:$P$110,"P3") | F6: =COUNTIFS('Test Cases'!$C$5:$C$110,A6,'Test Cases'!$S$5:$S$110,"Y") | G6: =COUNTIFS('Test Cases'!$C$5:$C$110,A6,'Test Cases'!$G$5:$G$110,"?*") | H6: =COUNTIFS('Test Cases'!$C$5:$C$110,A6,'Test Cases'!$V$5:$V$110,"Automated") | I6: =COUNTIFS('Test Cases'!$C$5:$C$110,A6,'Test Cases'!$V$5:$V$110,"Blocked") | J6: =COUNTIFS('Test Cases'!$C$5:$C$110,A6,'Test Cases'!$T$5:$T$110,"Y")
A7: Client / Insured Information | B7: =COUNTIF('Test Cases'!$C$5:$C$110,A7) | C7: =COUNTIFS('Test Cases'!$C$5:$C$110,A7,'Test Cases'!$P$5:$P$110,"P1") | D7: =COUNTIFS('Test Cases'!$C$5:$C$110,A7,'Test Cases'!$P$5:$P$110,"P2") | E7: =COUNTIFS('Test Cases'!$C$5:$C$110,A7,'Test Cases'!$P$5:$P$110,"P3") | F7: =COUNTIFS('Test Cases'!$C$5:$C$110,A7,'Test Cases'!$S$5:$S$110,"Y") | G7: =COUNTIFS('Test Cases'!$C$5:$C$110,A7,'Test Cases'!$G$5:$G$110,"?*") | H7: =COUNTIFS('Test Cases'!$C$5:$C$110,A7,'Test Cases'!$V$5:$V$110,"Automated") | I7: =COUNTIFS('Test Cases'!$C$5:$C$110,A7,'Test Cases'!$V$5:$V$110,"Blocked") | J7: =COUNTIFS('Test Cases'!$C$5:$C$110,A7,'Test Cases'!$T$5:$T$110,"Y")
A8: Product Selection & Policy Configuration | B8: =COUNTIF('Test Cases'!$C$5:$C$110,A8) | C8: =COUNTIFS('Test Cases'!$C$5:$C$110,A8,'Test Cases'!$P$5:$P$110,"P1") | D8: =COUNTIFS('Test Cases'!$C$5:$C$110,A8,'Test Cases'!$P$5:$P$110,"P2") | E8: =COUNTIFS('Test Cases'!$C$5:$C$110,A8,'Test Cases'!$P$5:$P$110,"P3") | F8: =COUNTIFS('Test Cases'!$C$5:$C$110,A8,'Test Cases'!$S$5:$S$110,"Y") | G8: =COUNTIFS('Test Cases'!$C$5:$C$110,A8,'Test Cases'!$G$5:$G$110,"?*") | H8: =COUNTIFS('Test Cases'!$C$5:$C$110,A8,'Test Cases'!$V$5:$V$110,"Automated") | I8: =COUNTIFS('Test Cases'!$C$5:$C$110,A8,'Test Cases'!$V$5:$V$110,"Blocked") | J8: =COUNTIFS('Test Cases'!$C$5:$C$110,A8,'Test Cases'!$T$5:$T$110,"Y")
A9: Rider Selection | B9: =COUNTIF('Test Cases'!$C$5:$C$110,A9) | C9: =COUNTIFS('Test Cases'!$C$5:$C$110,A9,'Test Cases'!$P$5:$P$110,"P1") | D9: =COUNTIFS('Test Cases'!$C$5:$C$110,A9,'Test Cases'!$P$5:$P$110,"P2") | E9: =COUNTIFS('Test Cases'!$C$5:$C$110,A9,'Test Cases'!$P$5:$P$110,"P3") | F9: =COUNTIFS('Test Cases'!$C$5:$C$110,A9,'Test Cases'!$S$5:$S$110,"Y") | G9: =COUNTIFS('Test Cases'!$C$5:$C$110,A9,'Test Cases'!$G$5:$G$110,"?*") | H9: =COUNTIFS('Test Cases'!$C$5:$C$110,A9,'Test Cases'!$V$5:$V$110,"Automated") | I9: =COUNTIFS('Test Cases'!$C$5:$C$110,A9,'Test Cases'!$V$5:$V$110,"Blocked") | J9: =COUNTIFS('Test Cases'!$C$5:$C$110,A9,'Test Cases'!$T$5:$T$110,"Y")
A10: Beneficiary Management | B10: =COUNTIF('Test Cases'!$C$5:$C$110,A10) | C10: =COUNTIFS('Test Cases'!$C$5:$C$110,A10,'Test Cases'!$P$5:$P$110,"P1") | D10: =COUNTIFS('Test Cases'!$C$5:$C$110,A10,'Test Cases'!$P$5:$P$110,"P2") | E10: =COUNTIFS('Test Cases'!$C$5:$C$110,A10,'Test Cases'!$P$5:$P$110,"P3") | F10: =COUNTIFS('Test Cases'!$C$5:$C$110,A10,'Test Cases'!$S$5:$S$110,"Y") | G10: =COUNTIFS('Test Cases'!$C$5:$C$110,A10,'Test Cases'!$G$5:$G$110,"?*") | H10: =COUNTIFS('Test Cases'!$C$5:$C$110,A10,'Test Cases'!$V$5:$V$110,"Automated") | I10: =COUNTIFS('Test Cases'!$C$5:$C$110,A10,'Test Cases'!$V$5:$V$110,"Blocked") | J10: =COUNTIFS('Test Cases'!$C$5:$C$110,A10,'Test Cases'!$T$5:$T$110,"Y")
A11: Document Upload | B11: =COUNTIF('Test Cases'!$C$5:$C$110,A11) | C11: =COUNTIFS('Test Cases'!$C$5:$C$110,A11,'Test Cases'!$P$5:$P$110,"P1") | D11: =COUNTIFS('Test Cases'!$C$5:$C$110,A11,'Test Cases'!$P$5:$P$110,"P2") | E11: =COUNTIFS('Test Cases'!$C$5:$C$110,A11,'Test Cases'!$P$5:$P$110,"P3") | F11: =COUNTIFS('Test Cases'!$C$5:$C$110,A11,'Test Cases'!$S$5:$S$110,"Y") | G11: =COUNTIFS('Test Cases'!$C$5:$C$110,A11,'Test Cases'!$G$5:$G$110,"?*") | H11: =COUNTIFS('Test Cases'!$C$5:$C$110,A11,'Test Cases'!$V$5:$V$110,"Automated") | I11: =COUNTIFS('Test Cases'!$C$5:$C$110,A11,'Test Cases'!$V$5:$V$110,"Blocked") | J11: =COUNTIFS('Test Cases'!$C$5:$C$110,A11,'Test Cases'!$T$5:$T$110,"Y")
A12: Validation Summary | B12: =COUNTIF('Test Cases'!$C$5:$C$110,A12) | C12: =COUNTIFS('Test Cases'!$C$5:$C$110,A12,'Test Cases'!$P$5:$P$110,"P1") | D12: =COUNTIFS('Test Cases'!$C$5:$C$110,A12,'Test Cases'!$P$5:$P$110,"P2") | E12: =COUNTIFS('Test Cases'!$C$5:$C$110,A12,'Test Cases'!$P$5:$P$110,"P3") | F12: =COUNTIFS('Test Cases'!$C$5:$C$110,A12,'Test Cases'!$S$5:$S$110,"Y") | G12: =COUNTIFS('Test Cases'!$C$5:$C$110,A12,'Test Cases'!$G$5:$G$110,"?*") | H12: =COUNTIFS('Test Cases'!$C$5:$C$110,A12,'Test Cases'!$V$5:$V$110,"Automated") | I12: =COUNTIFS('Test Cases'!$C$5:$C$110,A12,'Test Cases'!$V$5:$V$110,"Blocked") | J12: =COUNTIFS('Test Cases'!$C$5:$C$110,A12,'Test Cases'!$T$5:$T$110,"Y")
A13: Submission & Status Tracking | B13: =COUNTIF('Test Cases'!$C$5:$C$110,A13) | C13: =COUNTIFS('Test Cases'!$C$5:$C$110,A13,'Test Cases'!$P$5:$P$110,"P1") | D13: =COUNTIFS('Test Cases'!$C$5:$C$110,A13,'Test Cases'!$P$5:$P$110,"P2") | E13: =COUNTIFS('Test Cases'!$C$5:$C$110,A13,'Test Cases'!$P$5:$P$110,"P3") | F13: =COUNTIFS('Test Cases'!$C$5:$C$110,A13,'Test Cases'!$S$5:$S$110,"Y") | G13: =COUNTIFS('Test Cases'!$C$5:$C$110,A13,'Test Cases'!$G$5:$G$110,"?*") | H13: =COUNTIFS('Test Cases'!$C$5:$C$110,A13,'Test Cases'!$V$5:$V$110,"Automated") | I13: =COUNTIFS('Test Cases'!$C$5:$C$110,A13,'Test Cases'!$V$5:$V$110,"Blocked") | J13: =COUNTIFS('Test Cases'!$C$5:$C$110,A13,'Test Cases'!$T$5:$T$110,"Y")
A14: API Validation | B14: =COUNTIF('Test Cases'!$C$5:$C$110,A14) | C14: =COUNTIFS('Test Cases'!$C$5:$C$110,A14,'Test Cases'!$P$5:$P$110,"P1") | D14: =COUNTIFS('Test Cases'!$C$5:$C$110,A14,'Test Cases'!$P$5:$P$110,"P2") | E14: =COUNTIFS('Test Cases'!$C$5:$C$110,A14,'Test Cases'!$P$5:$P$110,"P3") | F14: =COUNTIFS('Test Cases'!$C$5:$C$110,A14,'Test Cases'!$S$5:$S$110,"Y") | G14: =COUNTIFS('Test Cases'!$C$5:$C$110,A14,'Test Cases'!$G$5:$G$110,"?*") | H14: =COUNTIFS('Test Cases'!$C$5:$C$110,A14,'Test Cases'!$V$5:$V$110,"Automated") | I14: =COUNTIFS('Test Cases'!$C$5:$C$110,A14,'Test Cases'!$V$5:$V$110,"Blocked") | J14: =COUNTIFS('Test Cases'!$C$5:$C$110,A14,'Test Cases'!$T$5:$T$110,"Y")
A15: Database Validation | B15: =COUNTIF('Test Cases'!$C$5:$C$110,A15) | C15: =COUNTIFS('Test Cases'!$C$5:$C$110,A15,'Test Cases'!$P$5:$P$110,"P1") | D15: =COUNTIFS('Test Cases'!$C$5:$C$110,A15,'Test Cases'!$P$5:$P$110,"P2") | E15: =COUNTIFS('Test Cases'!$C$5:$C$110,A15,'Test Cases'!$P$5:$P$110,"P3") | F15: =COUNTIFS('Test Cases'!$C$5:$C$110,A15,'Test Cases'!$S$5:$S$110,"Y") | G15: =COUNTIFS('Test Cases'!$C$5:$C$110,A15,'Test Cases'!$G$5:$G$110,"?*") | H15: =COUNTIFS('Test Cases'!$C$5:$C$110,A15,'Test Cases'!$V$5:$V$110,"Automated") | I15: =COUNTIFS('Test Cases'!$C$5:$C$110,A15,'Test Cases'!$V$5:$V$110,"Blocked") | J15: =COUNTIFS('Test Cases'!$C$5:$C$110,A15,'Test Cases'!$T$5:$T$110,"Y")
A16: Framework Self-Checks | B16: =COUNTIF('Test Cases'!$C$5:$C$110,A16) | C16: =COUNTIFS('Test Cases'!$C$5:$C$110,A16,'Test Cases'!$P$5:$P$110,"P1") | D16: =COUNTIFS('Test Cases'!$C$5:$C$110,A16,'Test Cases'!$P$5:$P$110,"P2") | E16: =COUNTIFS('Test Cases'!$C$5:$C$110,A16,'Test Cases'!$P$5:$P$110,"P3") | F16: =COUNTIFS('Test Cases'!$C$5:$C$110,A16,'Test Cases'!$S$5:$S$110,"Y") | G16: =COUNTIFS('Test Cases'!$C$5:$C$110,A16,'Test Cases'!$G$5:$G$110,"?*") | H16: =COUNTIFS('Test Cases'!$C$5:$C$110,A16,'Test Cases'!$V$5:$V$110,"Automated") | I16: =COUNTIFS('Test Cases'!$C$5:$C$110,A16,'Test Cases'!$V$5:$V$110,"Blocked") | J16: =COUNTIFS('Test Cases'!$C$5:$C$110,A16,'Test Cases'!$T$5:$T$110,"Y")
A17: Total | B17: =SUM(B5:B16) | C17: =SUM(C5:C16) | D17: =SUM(D5:D16) | E17: =SUM(E5:E16) | F17: =SUM(F5:F16) | G17: =SUM(G5:G16) | H17: =SUM(H5:H16) | I17: =SUM(I5:I16) | J17: =SUM(J5:J16)
A19: P1 share of all cases (Submission 1: 50%) | B19: =C17/B17
A20: Release gate within 15-20? | B20: =IF(AND(C17>=15,C17<=20),"Yes","No - review")
A21: Automation coverage (automated / total) | B21: =H17/B17
A22: Risks covered | B22: =COUNTIF('Traceability - Risks'!J5:J45,">0")&" of 41"
A23: Reported issues covered | B23: =COUNTIF('Traceability - Defects'!F5:F24,">0")&" of 20"
A25: Notes
A26: Automated = a Playwright test exists for the case. Blocked = cannot be automated yet (database access, Q04).
A27: Five live runs exist (Run Results sheet): v1 passed 5/15 smoke and 10/96 overall (RUN-2); the latest smoke run (RUN-5) passed 12/15 (2 API tests skipped as environment, 1 failure open: RIDER-V01, AD-13). The full suite has NOT been re-run since RUN-2.

Sheet Test Cases
A1: Test Case Design Sheet - Insurance Order Entry Platform (Submission 2)
A2: Generated from test-design/testCases.js. Edit the .js file (single source of truth) and re-run: npm run export:testdesign && python scripts/build_test_sheet.py
A4: Test Case ID | B4: Title | C4: Module | D4: Scenario ID | E4: Source | F4: Requirement / Risk Link (Submission 1 risk IDs) | G4: Seeded Defect Theme (reported issue) | H4: Seeded Defect Candidate / Catalog Code | I4: Test Type | J4: Layer | K4: Preconditions | L4: Test Steps | M4: Test Data | N4: Expected Result | O4: Severity | P4: Priority (P1 = release gate) | Q4: Submission 1 Priority | R4: Release Gate | S4: Smoke | T4: Sensitive Data (no trace/video) | U4: Evidence Required | V4: Automation Status | W4: Automated In | X4: Run Conditions / TBC | Y4: Open Questions | Z4: Blocked Reason | AA4: Tags | AB4: Live run 1 - smoke 26-Oct 11:38 (old code) | AC4: Live run 2 - full 26-Oct 11:51 (old code) | AD4: Live run 3 - smoke after fixes | AE4: Live run 4 - smoke 28-Oct | AF4: Live run 5 - smoke 28-Oct (later) | AG4: Defect Log IDs
A5: TC-AUTH-V01 | B5: Valid agent logs in and lands on their draft application (BR-AUTH-010) | C5: Authentication & Session | D5: AUTH-V01 | E5: S1 | F5: R01 | G5: RI-01: Valid agents cannot log in after authentication changes | H5: SDC-01 | I5: UI Positive | J5: UI | K5: Seeded valid agent exists and is active; browser has no session | L5: 1. Open /login 2. Enter valid agent email and password 3. Click Log in | M5: AGENT_VALID_EMAIL / AGENT_VALID_PASSWORD | N5: Browser leaves /login and lands on the draft application Client Information page (/applications/:id/client); the logout control is visible | O5: Critical | P5: P1 | Q5: P1 | R5: Y | S5: Y | T5: N | U5: Screenshot attached on pass AND fail; trace/video on failure; diagnostics.json (console + 5xx) | V5: Automated | W5: tests/ui/auth.spec.js | AA5: @regression @authentication @p1 @smoke @release-gate @seeded | AB5: Passed | AC5: Passed | AD5: Passed | AE5: Passed | AF5: Passed
A6: TC-AUTH-V02 | B6: Invalid password shows correct error message | C6: Authentication & Session | D6: AUTH-V02 | E6: S1 | F6: R02 | G6: RI-02: Locked or invalid agents get incorrect / misleading messages | H6: SDC-02 | I6: UI Negative | J6: UI | K6: Seeded valid agent exists; browser has no session | L6: 1. Open /login 2. Enter valid email with a WRONG password 3. Click Log in | M6: AGENT_VALID_EMAIL + AGENT_INVALID_PASSWORD | N6: Stays on /login; an invalid-credentials message is shown (config/messages.js invalidCredentials); dashboard is not reachable | O6: High | P6: P2 | Q6: P1 | R6: N | S6: N | T6: N | U6: Screenshot attached on pass AND fail; trace/video on failure; diagnostics.json (console + 5xx) | V6: Automated | W6: tests/ui/auth.spec.js | AA6: @regression @authentication @p2 @seeded | AB6: Not in smoke scope | AC6: Passed | AD6: Not in smoke scope | AE6: Not in smoke scope | AF6: Not in smoke scope | AG6: AD-07
A7: TC-AUTH-V03 | B7: Blank username/password show mandatory field errors | C7: Authentication & Session | D7: AUTH-V03 | E7: S1 | F7: R02 | I7: UI Negative | J7: UI | K7: Browser has no session | L7: 1. Open /login 2. Leave email and password empty 3. Click Log in | M7: none | N7: Stays on /login; each empty field is flagged as required (inline message or browser validity state) | O7: Medium | P7: P2 | Q7: P2 | R7: N | S7: N | T7: N | U7: Screenshot + trace on failure | V7: Automated | W7: tests/ui/auth.spec.js | AA7: @regression @authentication @p2 | AB7: Not in smoke scope | AC7: Passed | AD7: Not in smoke scope | AE7: Not in smoke scope | AF7: Not in smoke scope
A8: TC-AUTH-V04 | B8: Logout clears session; protected route redirects to login | C8: Authentication & Session | D8: AUTH-V04 | E8: S1 | F8: R05 | I8: UI Positive | J8: UI | K8: Valid agent (AGENT_VALID) signed in via saved session; environment reachable | L8: 1. Open the dashboard 2. Click Log out 3. Navigate directly to /dashboard | M8: Generated synthetic data (utils/dataBuilder.js) | N8: After logout the login page is shown; navigating to /dashboard redirects back to /login (no stale session) | O8: High | P8: P2 | Q8: P1 | R8: N | S8: Y | T8: N | U8: Screenshot + trace on failure | V8: Automated | W8: tests/ui/auth.spec.js | AA8: @regression @authentication @p2 @smoke | AB8: Passed | AC8: Not passed - investigate | AD8: Passed | AE8: Passed | AF8: Passed | AG8: AD-07
A9: TC-AUTH-V05 | B9: Direct /dashboard access without login is blocked | C9: Authentication & Session | D9: AUTH-V05 | E9: S1 | F9: R04 | I9: UI Security | J9: UI | K9: Fresh browser context with no cookies or storage | L9: 1. Navigate directly to /dashboard without logging in | M9: none | N9: Redirected to /login; no dashboard content is rendered | O9: Critical | P9: P1 | Q9: P1 | R9: Y | S9: Y | T9: N | U9: Screenshot + trace on failure | V9: Automated | W9: tests/ui/auth.spec.js | AA9: @regression @authentication @p1 @smoke @release-gate | AB9: Passed | AC9: Passed | AD9: Passed | AE9: Passed | AF9: Passed
A10: TC-AUTH-V06 | B10: Locked user cannot access dashboard; lock message shown | C10: Authentication & Session | D10: AUTH-V06 | E10: S1 | F10: R02 | G10: RI-02: Locked or invalid agents get incorrect / misleading messages | H10: SDC-02 | I10: UI Negative | J10: UI | K10: Seeded locked agent (AGENT_LOCKED) exists | L10: 1. Open /login 2. Enter locked agent credentials 3. Click Log in 4. Navigate to /dashboard | M10: AGENT_LOCKED_EMAIL / AGENT_LOCKED_PASSWORD | N10: Stays on /login with an account-locked message (not a generic "invalid password"); /dashboard redirects to login | O10: High | P10: P1 | Q10: P1 | R10: Y | S10: N | T10: N | U10: Screenshot attached on pass AND fail; trace/video on failure; diagnostics.json (console + 5xx) | V10: Automated | W10: tests/ui/auth.spec.js | AA10: @regression @authentication @p1 @release-gate @seeded | AB10: Not in smoke scope | AC10: Failed or skipped (not itemised) | AD10: Not in smoke scope | AE10: Not in smoke scope | AF10: Not in smoke scope
A11: TC-AUTH-V07 | B11: Account locks after five failed attempts | C11: Authentication & Session | D11: AUTH-V07 | E11: S1 | F11: R03 | G11: RI-02: Locked or invalid agents get incorrect / misleading messages | H11: SDC-02 | I11: UI Boundary | J11: UI + API | K11: DISPOSABLE agent (AGENT_LOCKOUT) that may be left locked; lock rule per assumption A06/Q07 | L11: 1. Attempt login with a wrong password 4 times 2. Confirm the message is still "invalid credentials" 3. Attempt a 5th wrong login (either message is acceptable - Q07) 4. Attempt login with the CORRECT password | M11: AGENT_LOCKOUT_EMAIL; LOCKOUT_ATTEMPTS (default 5) | N11: Attempts 1-4 show invalid-credentials; after the 5th failure the CORRECT password is refused with the account-locked message | O11: High | P11: P2 | Q11: P1 | R11: N | S11: N | T11: N | U11: Screenshot attached on pass AND fail; trace/video on failure; diagnostics.json (console + 5xx) | V11: Automated | W11: tests/ui/auth.spec.js | X11: Set AGENT_LOCKOUT_EMAIL (destructive: locks the account) | AA11: @regression @authentication @p2 @seeded @api | AB11: Not in smoke scope | AC11: Failed or skipped (not itemised) | AD11: Not in smoke scope | AE11: Not in smoke scope | AF11: Not in smoke scope
A12: TC-AUTH-V08 | B12: Password policy rejects weak password (reset/change) | C12: Authentication & Session | D12: AUTH-V08 | E12: S1 | F12: R06 | G12: RI-03: Password policy not consistently enforced | I12: UI Negative | J12: UI | K12: DISPOSABLE reset agent (AGENT_RESET); simulated OTP known (OTP_CODE) | L12: 1. Open /forgot-password and request a reset for the reset agent 2. Enter the OTP 3. For each weak password (short, no digit, no uppercase, common word) set it as the new password | M12: AGENT_RESET_EMAIL; OTP_CODE; weak password list in tests/ui/auth.spec.js | N12: Every weak password is rejected with a password-policy message; the password is not changed | O12: Medium | P12: P2 | Q12: P2 | R12: N | S12: N | T12: N | U12: Screenshot attached on pass AND fail; trace/video on failure; diagnostics.json (console + 5xx) | V12: Automated | W12: tests/ui/auth.spec.js | X12: Set AGENT_RESET_EMAIL and OTP_CODE (Q08, Q09) | Y12: Q08, Q09 | AA12: @regression @authentication @p2 @seeded | AB12: Not in smoke scope | AC12: Failed or skipped (not itemised) | AD12: Not in smoke scope | AE12: Not in smoke scope | AF12: Not in smoke scope
A13: TC-AUTH-V09 | B13: MFA/OTP simulation login | C13: Authentication & Session | D13: AUTH-V09 | E13: S1+ | F13: R01 | I13: UI Positive | J13: UI | K13: Seeded MFA agent (AGENT_MFA); simulated OTP known (OTP_CODE) | L13: 1. Log in with MFA agent credentials 2. Confirm OTP prompt 3. Enter a WRONG OTP 4. Enter the correct OTP | M13: AGENT_MFA_EMAIL; OTP_CODE | N13: OTP prompt appears; wrong OTP is rejected; correct OTP completes login to the dashboard | O13: High | P13: P2 | Q13: P2 | R13: N | S13: N | T13: N | U13: Screenshot + trace on failure | V13: Automated | W13: tests/ui/auth.spec.js | X13: Set OTP_CODE (Q08). agent.mfa is a confirmed seeded account | Y13: Q08 | AA13: @regression @authentication @p2 | AB13: Not in smoke scope | AC13: Failed or skipped (not itemised) | AD13: Not in smoke scope | AE13: Not in smoke scope | AF13: Not in smoke scope
A14: TC-AUTH-V14 | B14: Admin logs in and lands on the dashboard (carried over from the starter project as AUTH-V01b) | C14: Authentication & Session | D14: AUTH-V14 | E14: S2+ | F14: R01 | I14: UI Positive | J14: UI | K14: Seeded admin user exists and is active; browser has no session | L14: 1. Open /login 2. Enter admin email and password 3. Click Log in | M14: ADMIN_EMAIL + ADMIN_PASSWORD | N14: Browser lands on /dashboard (admin is the only role that does); the logout control is visible | O14: High | P14: P2 | Q14: P2 | R14: N | S14: Y | T14: N | U14: Screenshot attached on pass AND fail; trace/video on failure; diagnostics.json (console + 5xx) | V14: Automated | W14: tests/ui/auth.spec.js | AA14: @regression @authentication @p2 @smoke | AB14: Passed | AC14: Passed | AD14: Passed | AE14: Passed | AF14: Passed
A15: TC-AUTH-V10 | B15: Session timeout redirects to login | C15: Authentication & Session | D15: AUTH-V10 | E15: S1+ | F15: R05 | I15: UI Boundary | J15: UI | K15: Valid agent (AGENT_VALID) signed in via saved session; environment reachable | L15: 1. Log in 2. Stay idle for SESSION_TIMEOUT_SECONDS + 2 seconds 3. Navigate to a protected page | M15: SESSION_TIMEOUT_SECONDS (short value on a test environment) | N15: The expired session is redirected to /login | O15: High | P15: P2 | Q15: P2 | R15: N | S15: N | T15: N | U15: Screenshot + trace on failure | V15: Automated | W15: tests/ui/auth.spec.js | X15: Set SESSION_TIMEOUT_SECONDS (Q07); keep it small | Y15: Q07 | AA15: @regression @authentication @p2 | AB15: Not in smoke scope | AC15: Failed or skipped (not itemised) | AD15: Not in smoke scope | AE15: Not in smoke scope | AF15: Not in smoke scope
A16: TC-AUTH-V11 | B16: Forgot-password flow (/forgot-password) | C16: Authentication & Session | D16: AUTH-V11 | E16: S1+ | F16: R06 | I16: UI Positive | J16: UI | K16: Browser has no session | L16: 1. Open /login 2. Click the forgot-password link 3. Enter the agent email 4. Submit | M16: AGENT_VALID_EMAIL / AGENT_VALID_PASSWORD | N16: The forgot-password page opens and submitting a known email shows a confirmation or the OTP step (no error) | O16: Low | P16: P3 | Q16: P3 | R16: N | S16: N | T16: N | U16: Screenshot + trace on failure | V16: Automated | W16: tests/ui/auth.spec.js | AA16: @regression @authentication @p3 | AB16: Not in smoke scope | AC16: Passed | AD16: Not in smoke scope | AE16: Not in smoke scope | AF16: Not in smoke scope
A17: TC-AUTH-V12 | B17: Reset OTP: wrong OTP rejected; correct OTP reaches new-password step | C17: Authentication & Session | D17: AUTH-V12 | E17: S2+ | F17: R06 | I17: UI Negative | J17: UI | K17: DISPOSABLE reset agent (AGENT_RESET); simulated OTP known (OTP_CODE) | L17: 1. Open /forgot-password and request a reset 2. Enter a WRONG OTP 3. Enter the correct OTP | M17: AGENT_RESET_EMAIL; OTP_CODE | N17: Wrong OTP shows an OTP error and does not advance; correct OTP shows the new-password fields (password is NOT changed by this test) | O17: High | P17: P2 | Q17: P2 | R17: N | S17: N | T17: N | U17: Screenshot + trace on failure | V17: Automated | W17: tests/ui/auth.spec.js | X17: Set AGENT_RESET_EMAIL and OTP_CODE (Q08) | Y17: Q08 | AA17: @regression @authentication @p2 | AB17: Not in smoke scope | AC17: Failed or skipped (not itemised) | AD17: Not in smoke scope | AE17: Not in smoke scope | AF17: Not in smoke scope
A18: TC-AUTH-V13 | B18: New password identical to the current password is rejected | C18: Authentication & Session | D18: AUTH-V13 | E18: S2+ | F18: R06 | G18: RI-03: Password policy not consistently enforced | I18: UI Negative | J18: UI | K18: DISPOSABLE reset agent (AGENT_RESET); OTP_CODE known | L18: 1. Request reset and pass the OTP step 2. Enter the CURRENT password as the new password and confirm 3. Submit | M18: AGENT_RESET_EMAIL / AGENT_RESET_PASSWORD; OTP_CODE | N18: Rejected with a "must differ from current password" style message | O18: Medium | P18: P2 | Q18: P2 | R18: N | S18: N | T18: N | U18: Screenshot attached on pass AND fail; trace/video on failure; diagnostics.json (console + 5xx) | V18: Automated | W18: tests/ui/auth.spec.js | X18: Set AGENT_RESET_EMAIL and OTP_CODE | AA18: @regression @authentication @p2 @seeded | AB18: Not in smoke scope | AC18: Failed or skipped (not itemised) | AD18: Not in smoke scope | AE18: Not in smoke scope | AF18: Not in smoke scope
A19: TC-DASH-V01 | B19: Dashboard loads: draft/submitted summary and New Application CTA | C19: Agent Dashboard | D19: DASH-V01 | E19: S1 | F19: R07 | I19: UI Positive | J19: UI | K19: Valid agent (AGENT_VALID) signed in via saved session; environment reachable | L19: 1. Open the dashboard | M19: Generated synthetic data (utils/dataBuilder.js) | N19: New Application control is visible; draft and submitted summary figures are displayed as numbers | O19: High | P19: P2 | Q19: P1 | R19: N | S19: Y | T19: N | U19: Screenshot + trace on failure | V19: Automated | W19: tests/ui/dashboard.spec.js | AA19: @regression @dashboard @p2 @smoke | AB19: Passed | AC19: Not passed - investigate | AD19: Passed | AE19: Passed | AF19: Passed | AG19: AD-07
A20: TC-DASH-V02 | B20: Agent sees only own applications (multi-agent isolation) | C20: Agent Dashboard | D20: DASH-V02 | E20: S1 | F20: R08 | I20: UI Security | J20: UI + API | K20: Two seeded agents (AGENT_VALID, AGENT_SECOND), each with applications | L20: 1. Open dashboard as agent A and collect row identifiers 2. Open dashboard as agent B and collect row identifiers 3. Compare the two sets | M20: AGENT_VALID_*, AGENT_SECOND_* | N20: The two sets of application rows do not overlap | O20: Critical | P20: P1 | Q20: P1 | R20: Y | S20: N | T20: N | U20: Screenshot + trace on failure | V20: Automated | W20: tests/ui/dashboard.spec.js | X20: Second agent defaults to learner001 (confirmed seeded); override with AGENT_SECOND_EMAIL | AA20: @regression @dashboard @p1 @release-gate @api | AB20: Not in smoke scope | AC20: Failed or skipped (not itemised) | AD20: Not in smoke scope | AE20: Not in smoke scope | AF20: Not in smoke scope
A21: TC-DASH-V03 | B21: New agent sees empty-state copy and CTA | C21: Agent Dashboard | D21: DASH-V03 | E21: S1 | F21: R07 | I21: UI Positive | J21: UI | K21: Seeded NEW agent (AGENT_NEW) with zero applications | L21: 1. Sign in as the new agent 2. Open the dashboard | M21: AGENT_NEW_* | N21: Empty-state text and the New Application control are visible; no application rows | O21: Low | P21: P3 | Q21: P3 | R21: N | S21: N | T21: N | U21: Screenshot + trace on failure | V21: Automated | W21: tests/ui/dashboard.spec.js | X21: agent.new is a confirmed seeded account, but login auto-creates a draft (BR-AUTH-010) so the empty state may never appear - verify on the lab | AA21: @regression @dashboard @p3 | AB21: Not in smoke scope | AC21: Failed or skipped (not itemised) | AD21: Not in smoke scope | AE21: Not in smoke scope | AF21: Not in smoke scope | AG21: CL-02
A22: TC-DASH-V04 | B22: Draft can be resumed from dashboard with saved data | C22: Agent Dashboard | D22: DASH-V04 | E22: S1 | F22: R09 | G22: RI-16: Draft data not persisted | H22: SDC-16 | I22: UI Positive | J22: UI | K22: Valid agent (AGENT_VALID) signed in via saved session; environment reachable; client step reachable | L22: 1. Start a new application 2. Fill the client step and Save draft 3. Go to the dashboard 4. Resume the draft row 5. Read the client first name | M22: Generated synthetic data (utils/dataBuilder.js) | N22: The resumed draft shows the client first name that was saved | O22: High | P22: P2 | Q22: P2 | R22: N | S22: N | T22: N | U22: Screenshot attached on pass AND fail; trace/video on failure; diagnostics.json (console + 5xx) | V22: Automated | W22: tests/ui/dashboard.spec.js | AA22: @regression @dashboard @p2 @seeded | AB22: Not in smoke scope | AC22: Failed or skipped (not itemised) | AD22: Not in smoke scope | AE22: Not in smoke scope | AF22: Not in smoke scope
A23: TC-DASH-V05 | B23: Status filters (Draft/Submitted/Approved) return correct rows | C23: Agent Dashboard | D23: DASH-V05 | E23: S1 | F23: R07 | I23: UI Positive | J23: UI | K23: Valid agent (AGENT_VALID) signed in via saved session; environment reachable | L23: 1. Open the dashboard 2. For each status filter value (Draft, Submitted, Approved) apply the filter 3. Read the status of every visible row | M23: Generated synthetic data (utils/dataBuilder.js) | N23: Every visible row has the selected status (an empty result is acceptable only if no such applications exist) | O23: Medium | P23: P2 | Q23: P2 | R23: N | S23: N | T23: N | U23: Screenshot + trace on failure | V23: Automated | W23: tests/ui/dashboard.spec.js | AA23: @regression @dashboard @p2 | AB23: Not in smoke scope | AC23: Failed or skipped (not itemised) | AD23: Not in smoke scope | AE23: Not in smoke scope | AF23: Not in smoke scope | AG23: CL-01
A24: TC-DASH-V06 | B24: Dashboard status matches Application Status API | C24: Agent Dashboard | D24: DASH-V06 | E24: S1 | F24: R07 | G24: RI-18: Dashboard status differs from backend status | H24: SDC-18 | I24: UI-API Integration | J24: UI + API | K24: Valid agent (AGENT_VALID) signed in via saved session; environment reachable | L24: 1. Open the dashboard and read id and status of up to 5 rows 2. Call GET /applications/{id}/status for each 3. Compare | M24: Generated synthetic data (utils/dataBuilder.js) | N24: UI status equals API status for every compared application | O24: High | P24: P2 | Q24: P1 | R24: N | S24: N | T24: N | U24: Screenshot + API response attached | V24: Automated | W24: tests/integration/ui-api.spec.js | AA24: @regression @dashboard @p2 @seeded @api | AB24: Not in smoke scope | AC24: Failed or skipped (not itemised) | AD24: Not in smoke scope | AE24: Not in smoke scope | AF24: Not in smoke scope
A25: TC-DASH-V07 | B25: Dashboard search returns matching applications | C25: Agent Dashboard | D25: DASH-V07 | E25: S1+ | F25: R07 | I25: UI Positive | J25: UI | K25: Valid agent (AGENT_VALID) signed in via saved session; environment reachable; at least one application exists | L25: 1. Open the dashboard 2. Take a search term from the first row 3. Search for it | M25: Generated synthetic data (utils/dataBuilder.js) | N25: At least one row is shown and every shown row contains the term | O25: Low | P25: P3 | Q25: P3 | R25: N | S25: N | T25: N | U25: Screenshot + trace on failure | V25: Automated | W25: tests/ui/dashboard.spec.js | AA25: @regression @dashboard @p3 | AB25: Not in smoke scope | AC25: Failed or skipped (not itemised) | AD25: Not in smoke scope | AE25: Not in smoke scope | AF25: Not in smoke scope | AG25: CL-01
A26: TC-CLI-V01 | B26: Valid insured personal information enables next step | C26: Client / Insured Information | D26: CLI-V01 | E26: S1 | F26: R10 | I26: UI Positive | J26: UI | K26: Valid agent (AGENT_VALID) signed in via saved session; environment reachable; NEW application open at the client step (first step) | L26: 1. Fill every client field with valid data 2. Click Next | M26: Generated synthetic data (utils/dataBuilder.js) | N26: Navigation moves to the next step (step title changes) with no validation errors | O26: Critical | P26: P2 | Q26: P1 | R26: N | S26: Y | T26: N | U26: Screenshot + trace on failure | V26: Automated | W26: tests/ui/client.spec.js | AA26: @regression @client @p2 @smoke | AB26: Failed | AC26: Failed | AD26: Passed | AE26: Passed | AF26: Passed | AG26: AD-01, AD-02, AD-05, AD-06
A27: TC-CLI-V02 | B27: Mandatory personal fields validated inline | C27: Client / Insured Information | D27: CLI-V02 | E27: S1 | F27: R10 | I27: UI Negative | J27: UI | K27: Valid agent (AGENT_VALID) signed in via saved session; environment reachable; NEW application open at the client step (first step) | L27: 1. Leave all client fields empty 2. Click Next | M27: none | N27: User stays on the step; first name, last name and date of birth each show a required message | O27: Medium | P27: P2 | Q27: P2 | R27: N | S27: N | T27: N | U27: Screenshot + trace on failure | V27: Automated | W27: tests/ui/client.spec.js | AA27: @regression @client @p2 | AB27: Not in smoke scope | AC27: Failed or skipped (not itemised) | AD27: Not in smoke scope | AE27: Not in smoke scope | AF27: Not in smoke scope
A28: TC-CLI-V03 | B28: DOB under 18 rejected (age boundary) | C28: Client / Insured Information | D28: CLI-V03 | E28: S1 | F28: R10 | G28: RI-04: Client age eligibility rules (18-65) missed | H28: SDC-04 | I28: UI Boundary | J28: UI + API | K28: Valid agent (AGENT_VALID) signed in via saved session; environment reachable; NEW application open at the client step (first step) | L28: 1. Enter DOB for a person who turns 18 TOMORROW (age 17) and click Next 2. Enter DOB for a person exactly 18 today and click Next | M28: dobForAge(18,{dayOffset:1}) and dobForAge(18) | N28: Age 17 is rejected with an eligibility message and the step does not advance; age 18 is accepted (inclusive rule - assumption A06 / Q10) | O28: High | P28: P2 | Q28: P1 | R28: N | S28: N | T28: N | U28: Screenshot attached on pass AND fail; trace/video on failure; diagnostics.json (console + 5xx) | V28: Automated | W28: tests/ui/client.spec.js | AA28: @regression @client @p2 @seeded @api | AB28: Not in smoke scope | AC28: Failed or skipped (not itemised) | AD28: Not in smoke scope | AE28: Not in smoke scope | AF28: Not in smoke scope
A29: TC-CLI-V04 | B29: DOB over 65 rejected (age boundary) | C29: Client / Insured Information | D29: CLI-V04 | E29: S1 | F29: R10 | G29: RI-04: Client age eligibility rules (18-65) missed | H29: SDC-04 | I29: UI Boundary | J29: UI + API | K29: Valid agent (AGENT_VALID) signed in via saved session; environment reachable; NEW application open at the client step (first step) | L29: 1. Enter DOB for a person exactly 66 years old and click Next 2. Enter DOB for a person exactly 65 today and click Next | M29: dobForAge(66) and dobForAge(65) | N29: Age 66 is rejected with an eligibility message; age 65 is accepted (inclusive rule - A06 / Q10) | O29: High | P29: P2 | Q29: P1 | R29: N | S29: N | T29: N | U29: Screenshot attached on pass AND fail; trace/video on failure; diagnostics.json (console + 5xx) | V29: Automated | W29: tests/ui/client.spec.js | AA29: @regression @client @p2 @seeded @api | AB29: Not in smoke scope | AC29: Failed or skipped (not itemised) | AD29: Not in smoke scope | AE29: Not in smoke scope | AF29: Not in smoke scope
A30: TC-CLI-V05 | B30: Future DOB rejected | C30: Client / Insured Information | D30: CLI-V05 | E30: S1 | F30: R11 | G30: RI-05: Future date of birth accepted | H30: SDC-05 | I30: UI Negative | J30: UI + API | K30: Valid agent (AGENT_VALID) signed in via saved session; environment reachable; NEW application open at the client step (first step) | L30: 1. Enter a DOB of tomorrow and click Next 2. Enter a DOB 5 years in the future and click Next | M30: futureDate(1), futureDate(1825) | N30: Both dates are rejected with an invalid-date message and the step does not advance | O30: High | P30: P1 | Q30: P1 | R30: Y | S30: N | T30: N | U30: Screenshot attached on pass AND fail; trace/video on failure; diagnostics.json (console + 5xx) | V30: Automated | W30: tests/ui/client.spec.js | AA30: @regression @client @p1 @release-gate @seeded @api | AB30: Not in smoke scope | AC30: Failed or skipped (not itemised) | AD30: Not in smoke scope | AE30: Not in smoke scope | AF30: Not in smoke scope
A31: TC-CLI-V06 | B31: Same-as-residential copies address to mailing address | C31: Client / Insured Information | D31: CLI-V06 | E31: S1 | F31: R15 | I31: UI Positive | J31: UI | K31: Valid agent (AGENT_VALID) signed in via saved session; environment reachable; NEW application open at the address step with every earlier step completed using valid data | L31: 1. Fill the residential address 2. Tick "same as residential" 3. Read the mailing address fields | M31: Generated synthetic data (utils/dataBuilder.js) | N31: Mailing line 1, city and ZIP equal the residential values | O31: Low | P31: P3 | Q31: P3 | R31: N | S31: N | T31: N | U31: Screenshot + trace on failure | V31: Automated | W31: tests/ui/client.spec.js | AA31: @regression @client @p3 | AB31: Not in smoke scope | AC31: Failed or skipped (not itemised) | AD31: Not in smoke scope | AE31: Not in smoke scope | AF31: Not in smoke scope
A32: TC-CLI-V07 | B32: Invalid email and phone formats rejected | C32: Client / Insured Information | D32: CLI-V07 | E32: S1 | F32: R15 | I32: UI Negative | J32: UI | K32: Valid agent (AGENT_VALID) signed in via saved session; environment reachable; NEW application open at the address step with every earlier step completed using valid data | L32: 1. Fill a valid address 2. For each invalid email (no @, no domain, spaces) enter it and click Next 3. For each invalid phone (letters, too short) enter it and click Next | M32: Invalid email / phone lists in tests/ui/client.spec.js | N32: Each invalid value shows a format error next to the field and the step does not advance | O32: Medium | P32: P2 | Q32: P2 | R32: N | S32: N | T32: N | U32: Screenshot + trace on failure | V32: Automated | W32: tests/ui/client.spec.js | AA32: @regression @client @p2 | AB32: Not in smoke scope | AC32: Failed or skipped (not itemised) | AD32: Not in smoke scope | AE32: Not in smoke scope | AF32: Not in smoke scope
A33: TC-CLI-V08 | B33: SSN masked after entry (only last four digits visible) | C33: Client / Insured Information | D33: CLI-V08 | E33: S1 | F33: R12 | G33: RI-07: SSN not masked properly | H33: SDC-07 | I33: UI Security | J33: UI | K33: Valid agent (AGENT_VALID) signed in via saved session; environment reachable; NEW application open at the kyc step with every earlier step completed using valid data | L33: 1. Enter the synthetic SSN 900-12-3456 2. Leave the field (blur) 3. Read what is visible for the SSN | M33: Synthetic SSN 900-12-3456 (900-series is never issued) | N33: Only the last four digits (3456) are visible; the first five digits are masked | O33: Critical | P33: P1 | Q33: P1 | R33: Y | S33: N | T33: Y | U33: Screenshot attached on pass AND fail; trace/video on failure; diagnostics.json (console + 5xx) | V33: Automated | W33: tests/ui/client-kyc-sensitive.spec.js | AA33: @regression @client @p1 @release-gate @sensitive @seeded | AB33: Not in smoke scope | AC33: Failed or skipped (not itemised) | AD33: Not in smoke scope | AE33: Not in smoke scope | AF33: Not in smoke scope | AG33: AD-08
A34: TC-CLI-V09 | B34: KYC upload rejects unsupported file type | C34: Client / Insured Information | D34: CLI-V09 | E34: S1 | F34: R30 | I34: UI Negative | J34: UI | K34: Valid agent (AGENT_VALID) signed in via saved session; environment reachable; NEW application open at the kyc step with every earlier step completed using valid data | L34: 1. Upload an .exe file in the KYC document control | M34: In-memory malware-test.exe | N34: An unsupported-type message is shown and the file is not accepted | O34: Medium | P34: P2 | Q34: P2 | R34: N | S34: N | T34: Y | U34: Screenshot + trace on failure | V34: Automated | W34: tests/ui/client-kyc-sensitive.spec.js | X34: Skips if the KYC step has no upload control | AA34: @regression @client @p2 @sensitive | AB34: Not in smoke scope | AC34: Failed or skipped (not itemised) | AD34: Not in smoke scope | AE34: Not in smoke scope | AF34: Not in smoke scope
A35: TC-CLI-V10 | B35: PEP = Yes makes additional details mandatory | C35: Client / Insured Information | D35: CLI-V10 | E35: S1 | F35: R14 | I35: UI Negative | J35: UI | K35: Valid agent (AGENT_VALID) signed in via saved session; environment reachable; NEW application open at the kyc step with every earlier step completed using valid data | L35: 1. Select PEP = Yes 2. Confirm the PEP details field appears 3. Click Next without details | M35: Generated synthetic data (utils/dataBuilder.js) | N35: PEP details field becomes visible and Next is blocked with a required message until it is filled | O35: Medium | P35: P2 | Q35: P2 | R35: N | S35: N | T35: Y | U35: Screenshot + trace on failure | V35: Automated | W35: tests/ui/client-kyc-sensitive.spec.js | AA35: @regression @client @p2 @sensitive | AB35: Not in smoke scope | AC35: Failed or skipped (not itemised) | AD35: Not in smoke scope | AE35: Not in smoke scope | AF35: Not in smoke scope
A36: TC-CLI-V11 | B36: Postal code format validated | C36: Client / Insured Information | D36: CLI-V11 | E36: S1+ | F36: R15 | I36: UI Negative | J36: UI | K36: Valid agent (AGENT_VALID) signed in via saved session; environment reachable; NEW application open at the address step with every earlier step completed using valid data | L36: 1. Fill a valid address with an invalid ZIP (letters, too short, too long) 2. Click Next | M36: ZIPs: ABCDE, 123, 0211000000 | N36: Each invalid ZIP is rejected with a postal-code message | O36: Low | P36: P3 | Q36: P3 | R36: N | S36: N | T36: N | U36: Screenshot + trace on failure | V36: Automated | W36: tests/ui/client.spec.js | AA36: @regression @client @p3 | AB36: Not in smoke scope | AC36: Failed or skipped (not itemised) | AD36: Not in smoke scope | AE36: Not in smoke scope | AF36: Not in smoke scope
A37: TC-CLI-V12 | B37: Income vs premium affordability validation | C37: Client / Insured Information | D37: CLI-V12 | E37: S1+ | F37: R13 | G37: RI-08: Income vs premium affordability not applied | H37: SDC-08 | I37: UI Negative | J37: UI + API | K37: Valid agent (AGENT_VALID) signed in via saved session; environment reachable; NEW application open at the kyc step with every earlier step completed using valid data | L37: 1. Enter a very LOW annual income 2. Continue to Product and select a product with a very HIGH face value 3. Click Next | M37: income 12000; face value 5,000,000 (rule undefined - Q11) | N37: An affordability warning or block referring to income/premium is shown (formula TBC with the product owner) | O37: High | P37: P2 | Q37: P1 | R37: N | S37: N | T37: Y | U37: Screenshot attached on pass AND fail; trace/video on failure; diagnostics.json (console + 5xx) | V37: Automated | W37: tests/ui/client-kyc-sensitive.spec.js | AA37: @regression @client @p2 @sensitive @seeded @api | AB37: Not in smoke scope | AC37: Failed or skipped (not itemised) | AD37: Not in smoke scope | AE37: Not in smoke scope | AF37: Not in smoke scope
A38: TC-CLI-V13 | B38: Calculated age shown on review matches the date of birth | C38: Client / Insured Information | D38: CLI-V13 | E38: S2+ | F38: R10 | G38: RI-04: Client age eligibility rules (18-65) missed | H38: SDC-04 | I38: UI Positive | J38: UI | K38: Valid agent (AGENT_VALID) signed in via saved session; environment reachable | L38: 1. Complete a journey with a DOB exactly 35 years before today 2. Read "Calculated Age" on the review page | M38: dobForAge(35) | N38: The age shown is 35 (the live app shows the calculated age only on the review snapshot) | O38: Medium | P38: P2 | Q38: P2 | R38: N | S38: N | T38: N | U38: DOB entered and age shown attached to the report | V38: Automated | W38: tests/ui/client.spec.js | AA38: @regression @client @p2 @seeded | AB38: Not in smoke scope | AC38: Failed or skipped (not itemised) | AD38: Not in smoke scope | AE38: Not in smoke scope | AF38: Not in smoke scope | AG38: AC-04
A39: TC-CLI-V14 | B39: Name validation rejects digits and special characters | C39: Client / Insured Information | D39: CLI-V14 | E39: S2+ | F39: R15 | I39: UI Negative | J39: UI | K39: Valid agent (AGENT_VALID) signed in via saved session; environment reachable; NEW application open at the client step (first step) | L39: 1. Enter a first name containing digits, click Next 2. Enter a last name containing special characters, click Next | M39: First name "J0hn123"; last name "O@#$%" | N39: Each invalid name is rejected with a name-format message and the step does not advance | O39: Medium | P39: P2 | Q39: P2 | R39: N | S39: N | T39: N | U39: Screenshot + trace on failure | V39: Automated | W39: tests/ui/client.spec.js | AA39: @regression @client @p2 | AB39: Not in smoke scope | AC39: Failed or skipped (not itemised) | AD39: Not in smoke scope | AE39: Not in smoke scope | AF39: Not in smoke scope
A40: TC-CLI-V15 | B40: State is required and validated | C40: Client / Insured Information | D40: CLI-V15 | E40: S2+ | F40: R15 | I40: UI Negative | J40: UI | K40: Valid agent (AGENT_VALID) signed in via saved session; environment reachable; NEW application open at the address step with every earlier step completed using valid data | L40: 1. Fill a valid address but clear the state selection 2. Click Next | M40: Generated synthetic data (utils/dataBuilder.js) | N40: A state-required message is shown and the step does not advance | O40: Medium | P40: P2 | Q40: P2 | R40: N | S40: N | T40: N | U40: Screenshot + trace on failure | V40: Automated | W40: tests/ui/client.spec.js | X40: Skips if the state control has no empty option | AA40: @regression @client @p2 | AB40: Not in smoke scope | AC40: Failed or skipped (not itemised) | AD40: Not in smoke scope | AE40: Not in smoke scope | AF40: Not in smoke scope
A41: TC-PROD-V01 | B41: Catalog displays expected Whole Life products | C41: Product Selection & Policy Configuration | D41: PROD-V01 | E41: S1 | F41: R16 | I41: UI Positive | J41: UI | K41: Valid agent (AGENT_VALID) signed in via saved session; environment reachable; NEW application open at the product step with every earlier step completed using valid data | L41: 1. Open the product step 2. Read the product cards | M41: PRODUCT_NAME_PATTERN (default "whole life") | N41: At least one product card is shown and at least one matches the Whole Life pattern | O41: High | P41: P1 | Q41: P1 | R41: Y | S41: Y | T41: N | U41: Screenshot + trace on failure | V41: Automated | W41: tests/ui/product.spec.js | AA41: @regression @product @p1 @smoke @release-gate | AB41: Failed | AC41: Failed | AD41: Passed | AE41: Passed | AF41: Passed | AG41: AD-01, AD-02, AD-04
A42: TC-PROD-V02 | B42: Product details page shows features, eligibility, limits | C42: Product Selection & Policy Configuration | D42: PROD-V02 | E42: S1 | F42: R16 | I42: UI Positive | J42: UI | K42: Valid agent (AGENT_VALID) signed in via saved session; environment reachable; NEW application open at the product step with every earlier step completed using valid data | L42: 1. Open the details of the first product | M42: Generated synthetic data (utils/dataBuilder.js) | N42: Details mention features/benefits and eligibility or limits | O42: Medium | P42: P2 | Q42: P2 | R42: N | S42: N | T42: N | U42: Screenshot + trace on failure | V42: Automated | W42: tests/ui/product.spec.js | X42: Skips if no details link exists | AA42: @regression @product @p2 | AB42: Not in smoke scope | AC42: Failed or skipped (not itemised) | AD42: Not in smoke scope | AE42: Not in smoke scope | AF42: Not in smoke scope
A43: TC-PROD-V03 | B43: Face value below minimum rejected | C43: Product Selection & Policy Configuration | D43: PROD-V03 | E43: S1 | F43: R17 | I43: UI Boundary | J43: UI | K43: Valid agent (AGENT_VALID) signed in via saved session; environment reachable; NEW application open at the product step with every earlier step completed using valid data | L43: 1. Select a product 2. Enter face value = minimum - 1 3. Click Next 4. Enter face value = minimum and click Next | M43: FACE_VALUE_MIN | N43: minimum-1 is rejected; exactly minimum is accepted | O43: High | P43: P2 | Q43: P1 | R43: N | S43: N | T43: N | U43: Screenshot + trace on failure | V43: Automated | W43: tests/ui/product.spec.js | X43: Set FACE_VALUE_MIN (Q13) | Y43: Q13 | AA43: @regression @product @p2 | AB43: Not in smoke scope | AC43: Failed or skipped (not itemised) | AD43: Not in smoke scope | AE43: Not in smoke scope | AF43: Not in smoke scope
A44: TC-PROD-V04 | B44: Face value above maximum rejected | C44: Product Selection & Policy Configuration | D44: PROD-V04 | E44: S1 | F44: R17 | I44: UI Boundary | J44: UI | K44: Valid agent (AGENT_VALID) signed in via saved session; environment reachable; NEW application open at the product step with every earlier step completed using valid data | L44: 1. Select a product 2. Enter face value = maximum + 1 3. Click Next | M44: FACE_VALUE_MAX | N44: maximum+1 is rejected with a limit message | O44: High | P44: P2 | Q44: P1 | R44: N | S44: N | T44: N | U44: Screenshot + trace on failure | V44: Automated | W44: tests/ui/product.spec.js | X44: Set FACE_VALUE_MAX (Q13) | Y44: Q13 | AA44: @regression @product @p2 | AB44: Not in smoke scope | AC44: Failed or skipped (not itemised) | AD44: Not in smoke scope | AE44: Not in smoke scope | AF44: Not in smoke scope
A45: TC-PROD-V05 | B45: Premium recalculates when frequency changes | C45: Product Selection & Policy Configuration | D45: PROD-V05 | E45: S1 | F45: R18 | G45: RI-12: Premium not updated after configuration change | H45: SDC-12 | I45: UI Positive | J45: UI + API | K45: Valid agent (AGENT_VALID) signed in via saved session; environment reachable; NEW application open at the product step with every earlier step completed using valid data | L45: 1. Select a product and set face value 2. Read the premium for Monthly 3. Change frequency to Annual and read the premium 4. Change back to Monthly | M45: FACE_VALUE_DEFAULT; frequencies Monthly / Annual | N45: The displayed premium changes when frequency changes and returns to the original value when switched back | O45: High | P45: P1 | Q45: P1 | R45: Y | S45: N | T45: N | U45: Screenshot attached on pass AND fail; trace/video on failure; diagnostics.json (console + 5xx) | V45: Automated | W45: tests/ui/product.spec.js | AA45: @regression @product @p1 @release-gate @seeded @api | AB45: Not in smoke scope | AC45: Failed or skipped (not itemised) | AD45: Not in smoke scope | AE45: Not in smoke scope | AF45: Not in smoke scope
A46: TC-PROD-V06 | B46: Review-page premium matches configuration page | C46: Product Selection & Policy Configuration | D46: PROD-V06 | E46: S1 | F46: R18, R19 | G46: RI-12: Premium not updated after configuration change | H46: SDC-12 | I46: UI Consistency | J46: UI + DB | K46: Valid agent (AGENT_VALID) signed in via saved session; environment reachable; NEW application open at the product step with every earlier step completed using valid data | L46: 1. Select product, configure and read the premium 2. Complete riders (none), beneficiaries and documents 3. Open the review step and read the premium | M46: Generated synthetic data (utils/dataBuilder.js) | N46: Review premium equals the configured premium | O46: High | P46: P1 | Q46: P1 | R46: Y | S46: N | T46: N | U46: Screenshot attached on pass AND fail; trace/video on failure; diagnostics.json (console + 5xx) | V46: Automated | W46: tests/ui/product.spec.js | AA46: @regression @product @p1 @release-gate @seeded | AB46: Not in smoke scope | AC46: Failed or skipped (not itemised) | AD46: Not in smoke scope | AE46: Not in smoke scope | AF46: Not in smoke scope
A47: TC-PROD-V07 | B47: Suitability warning shown for risk-profile mismatch | C47: Product Selection & Policy Configuration | D47: PROD-V07 | E47: S1 | F47: R16 | G47: RI-09: Product eligibility not validated against age / suitability | I47: UI Negative | J47: UI | K47: Valid agent (AGENT_VALID) signed in via saved session; environment reachable; NEW application open at the kyc step with every earlier step completed using valid data | L47: 1. Set a Conservative risk profile in KYC 2. Select the product whose risk is a known mismatch 3. Observe the product step | M47: SUITABILITY_PRODUCT_PATTERN | N47: A suitability warning is displayed | O47: Medium | P47: P2 | Q47: P2 | R47: N | S47: N | T47: N | U47: Screenshot + trace on failure | V47: Automated | W47: tests/ui/product.spec.js | X47: Set SUITABILITY_PRODUCT_PATTERN (Q13) | Y47: Q13 | AA47: @regression @product @p2 @seeded | AB47: Not in smoke scope | AC47: Failed or skipped (not itemised) | AD47: Not in smoke scope | AE47: Not in smoke scope | AF47: Not in smoke scope
A48: TC-PROD-V08 | B48: Product eligibility validated against client age | C48: Product Selection & Policy Configuration | D48: PROD-V08 | E48: S1+ | F48: R16 | G48: RI-09: Product eligibility not validated against age / suitability | I48: UI Negative | J48: UI + API | K48: Valid agent (AGENT_VALID) signed in via saved session; environment reachable; NEW application open at the client step (first step) | L48: 1. Create a client of the ineligible age 2. Continue to Product 3. Select the age-restricted product | M48: INELIGIBLE_AGE, INELIGIBLE_AGE_PRODUCT_PATTERN | N48: The product is disabled, or selecting it shows an eligibility message and does not advance | O48: High | P48: P2 | Q48: P1 | R48: N | S48: N | T48: N | U48: Screenshot attached on pass AND fail; trace/video on failure; diagnostics.json (console + 5xx) | V48: Automated | W48: tests/ui/product.spec.js | X48: Set INELIGIBLE_AGE and INELIGIBLE_AGE_PRODUCT_PATTERN (Q13) | Y48: Q13 | AA48: @regression @product @p2 @seeded @api | AB48: Not in smoke scope | AC48: Failed or skipped (not itemised) | AD48: Not in smoke scope | AE48: Not in smoke scope | AF48: Not in smoke scope
A49: TC-PROD-V09 | B49: Payment term and policy term options follow product rules | C49: Product Selection & Policy Configuration | D49: PROD-V09 | E49: S1+ | F49: R18 | I49: UI Positive | J49: UI | K49: Valid agent (AGENT_VALID) signed in via saved session; environment reachable; NEW application open at the product step with every earlier step completed using valid data | L49: 1. Select a product 2. Read payment-term and policy-term options | M49: Generated synthetic data (utils/dataBuilder.js) | N49: Both lists are non-empty and contain no duplicate options (term-combination rules TBC - Q14) | O49: Medium | P49: P2 | Q49: P2 | R49: N | S49: N | T49: N | U49: Screenshot + trace on failure | V49: Automated | W49: tests/ui/product.spec.js | X49: Skips if the terms are not dropdowns | AA49: @regression @product @p2 | AB49: Not in smoke scope | AC49: Failed or skipped (not itemised) | AD49: Not in smoke scope | AE49: Not in smoke scope | AF49: Not in smoke scope
A50: TC-PROD-V10 | B50: Inactive product cannot be selected | C50: Product Selection & Policy Configuration | D50: PROD-V10 | E50: S2+ | F50: R16 | I50: UI Negative | J50: UI | K50: Valid agent (AGENT_VALID) signed in via saved session; environment reachable; NEW application open at the product step with every earlier step completed using valid data | L50: 1. Find product cards marked inactive 2. Try to select one | M50: Generated synthetic data (utils/dataBuilder.js) | N50: The select control is disabled (or selection is refused) for every inactive product | O50: Medium | P50: P2 | Q50: P2 | R50: N | S50: N | T50: N | U50: Screenshot + trace on failure | V50: Automated | W50: tests/ui/product.spec.js | X50: Skips if the environment shows no inactive product | AA50: @regression @product @p2 | AB50: Not in smoke scope | AC50: Failed or skipped (not itemised) | AD50: Not in smoke scope | AE50: Not in smoke scope | AF50: Not in smoke scope
A51: TC-PROD-V11 | B51: Product configuration persists after save draft and reload | C51: Product Selection & Policy Configuration | D51: PROD-V11 | E51: S2+ | F51: R33, R18 | G51: RI-16: Draft data not persisted | H51: SDC-16 | I51: UI Positive | J51: UI + DB | K51: Valid agent (AGENT_VALID) signed in via saved session; environment reachable; NEW application open at the product step with every earlier step completed using valid data | L51: 1. Select a product and set face value and frequency 2. Save draft 3. Reload the page 4. Read face value and frequency | M51: Generated synthetic data (utils/dataBuilder.js) | N51: Face value and frequency are unchanged after reload | O51: High | P51: P2 | Q51: P2 | R51: N | S51: N | T51: N | U51: Screenshot attached on pass AND fail; trace/video on failure; diagnostics.json (console + 5xx) | V51: Automated | W51: tests/ui/product.spec.js | AA51: @regression @product @p2 @seeded | AB51: Not in smoke scope | AC51: Failed or skipped (not itemised) | AD51: Not in smoke scope | AE51: Not in smoke scope | AF51: Not in smoke scope
A52: TC-RIDER-V01 | B52: Eligible protection rider (ADB) added to premium summary | C52: Rider Selection | D52: RIDER-V01 | E52: S1 | F52: R23 | I52: UI Positive | J52: UI | K52: Valid agent (AGENT_VALID) signed in via saved session; environment reachable; NEW application open at the riders step with every earlier step completed using valid data | L52: 1. Add the Accidental Death Benefit rider with its coverage amount 2. Save and continue, then reopen the riders step 3. Read the rider premium summary | M52: RIDER_ADB_PATTERN | N52: The rider is still selected after saving and a rider premium greater than zero appears in the summary (the server calculates it on save; ticking alone leaves it at $0.00) | O52: High | P52: P2 | Q52: P1 | R52: N | S52: Y | T52: N | U52: Screenshot + trace on failure | V52: Automated | W52: tests/ui/riders.spec.js | AA52: @regression @rider @p2 @smoke | AB52: Failed | AC52: Failed | AD52: Failed | AE52: Failed | AF52: Failed | AG52: AD-01, AD-02, AD-04, AD-09, AD-13
A53: TC-RIDER-V02 | B53: Rider coverage cannot exceed base face value | C53: Rider Selection | D53: RIDER-V02 | E53: S1 | F53: R20 | G53: RI-10: Rider coverage exceeds base face value | H53: SDC-10 | I53: UI Boundary | J53: UI + API | K53: Valid agent (AGENT_VALID) signed in via saved session; environment reachable; NEW application open at the riders step with every earlier step completed using valid data | L53: 1. Add the ADB rider 2. Enter rider coverage = face value + 1 | M53: FACE_VALUE_DEFAULT + 1 | N53: A rider-exceeds-face-value message is shown and the value is not accepted | O53: High | P53: P1 | Q53: P1 | R53: Y | S53: N | T53: N | U53: Screenshot attached on pass AND fail; trace/video on failure; diagnostics.json (console + 5xx) | V53: Automated | W53: tests/ui/riders.spec.js | AA53: @regression @rider @p1 @release-gate @seeded @api | AB53: Not in smoke scope | AC53: Failed or skipped (not itemised) | AD53: Not in smoke scope | AE53: Not in smoke scope | AF53: Not in smoke scope
A54: TC-RIDER-V03 | B54: Age-ineligible rider disabled or blocked | C54: Rider Selection | D54: RIDER-V03 | E54: S1 | F54: R22 | I54: UI Negative | J54: UI | K54: Valid agent (AGENT_VALID) signed in via saved session; environment reachable; client step completed with a client of the age that makes the rider ineligible | L54: 1. Open the rider step 2. Try to add the age-restricted rider | M54: RIDER_AGE_RESTRICTED_PATTERN; client age 64 | N54: The rider control is disabled, or adding it shows an eligibility message | O54: Medium | P54: P2 | Q54: P2 | R54: N | S54: N | T54: N | U54: Screenshot + trace on failure | V54: Automated | W54: tests/ui/riders.spec.js | X54: Set RIDER_AGE_RESTRICTED_PATTERN (Q15) | Y54: Q15 | AA54: @regression @rider @p2 | AB54: Not in smoke scope | AC54: Failed or skipped (not itemised) | AD54: Not in smoke scope | AE54: Not in smoke scope | AF54: Not in smoke scope
A55: TC-RIDER-V04 | B55: Maximum rider count enforced with message | C55: Rider Selection | D55: RIDER-V04 | E55: S1 | F55: R22 | I55: UI Boundary | J55: UI | K55: Valid agent (AGENT_VALID) signed in via saved session; environment reachable; NEW application open at the riders step with every earlier step completed using valid data | L55: 1. Add riders up to the maximum 2. Try to add one more | M55: MAX_RIDERS | N55: The extra rider is refused with a maximum-count message | O55: Medium | P55: P2 | Q55: P2 | R55: N | S55: N | T55: N | U55: Screenshot + trace on failure | V55: Automated | W55: tests/ui/riders.spec.js | X55: MAX_RIDERS defaults to the confirmed 4; needs more rider cards than the maximum | AA55: @regression @rider @p2 | AB55: Not in smoke scope | AC55: Failed or skipped (not itemised) | AD55: Not in smoke scope | AE55: Not in smoke scope | AF55: Not in smoke scope
A56: TC-RIDER-V05 | B56: Mutually exclusive waiver riders cannot both be selected | C56: Rider Selection | D56: RIDER-V05 | E56: S1 | F56: R21 | G56: RI-11: Exclusive waiver riders both selectable | I56: UI Negative | J56: UI | K56: Valid agent (AGENT_VALID) signed in via saved session; environment reachable; NEW application open at the riders step with every earlier step completed using valid data | L56: 1. Add waiver rider A 2. Try to add waiver rider B | M56: RIDER_WAIVER_A_PATTERN / RIDER_WAIVER_B_PATTERN | N56: Rider B is disabled or refused with a message; both are never selected at once | O56: High | P56: P2 | Q56: P1 | R56: N | S56: N | T56: N | U56: Screenshot attached on pass AND fail; trace/video on failure; diagnostics.json (console + 5xx) | V56: Automated | W56: tests/ui/riders.spec.js | X56: Set RIDER_WAIVER_A_PATTERN and RIDER_WAIVER_B_PATTERN (Q15) | Y56: Q15 | AA56: @regression @rider @p2 @seeded | AB56: Not in smoke scope | AC56: Failed or skipped (not itemised) | AD56: Not in smoke scope | AE56: Not in smoke scope | AF56: Not in smoke scope
A57: TC-RIDER-V06 | B57: Critical illness rider triggers health questionnaire | C57: Rider Selection | D57: RIDER-V06 | E57: S1 | F57: R22 | I57: UI Positive | J57: UI | K57: Valid agent (AGENT_VALID) signed in via saved session; environment reachable; NEW application open at the riders step with every earlier step completed using valid data | L57: 1. Add the Critical Illness rider | M57: RIDER_CRITICAL_ILLNESS_PATTERN | N57: The health questionnaire is displayed | O57: Medium | P57: P2 | Q57: P2 | R57: N | S57: N | T57: N | U57: Screenshot + trace on failure | V57: Automated | W57: tests/ui/riders.spec.js | X57: Skips if no critical illness rider is offered | AA57: @regression @rider @p2 | AB57: Not in smoke scope | AC57: Failed or skipped (not itemised) | AD57: Not in smoke scope | AE57: Not in smoke scope | AF57: Not in smoke scope
A58: TC-RIDER-V07 | B58: Rider premium itemized and total premium updated | C58: Rider Selection | D58: RIDER-V07 | E58: S1 | F58: R23 | G58: RI-12: Premium not updated after configuration change | H58: SDC-12 | I58: UI Positive | J58: UI | K58: Valid agent (AGENT_VALID) signed in via saved session; environment reachable; NEW application open at the riders step with every earlier step completed using valid data | L58: 1. Add the ADB rider and save 2. Complete the journey to the review page 3. Read Base Policy Premium, Rider Premium and Total Modal Premium | M58: Generated synthetic data (utils/dataBuilder.js) | N58: Rider premium is itemised (> 0) and Total Modal Premium = Base Policy Premium + Rider Premium (to 2 decimals) | O58: High | P58: P2 | Q58: P1 | R58: N | S58: N | T58: N | U58: Screenshot attached on pass AND fail; trace/video on failure; diagnostics.json (console + 5xx) | V58: Automated | W58: tests/ui/riders.spec.js | AA58: @regression @rider @p2 @seeded | AB58: Not in smoke scope | AC58: Failed or skipped (not itemised) | AD58: Not in smoke scope | AE58: Not in smoke scope | AF58: Not in smoke scope | AG58: AD-13
A59: TC-BEN-V01 | B59: Valid primary beneficiary added (card/row appears) | C59: Beneficiary Management | D59: BEN-V01 | E59: S1 | F59: R24 | I59: UI Positive | J59: UI | K59: Valid agent (AGENT_VALID) signed in via saved session; environment reachable; NEW application open at the beneficiaries step with every earlier step completed using valid data | L59: 1. Fill an individual primary beneficiary with 100% allocation 2. Save | M59: Generated synthetic data (utils/dataBuilder.js) | N59: One beneficiary row appears containing the entered name | O59: High | P59: P2 | Q59: P1 | R59: N | S59: Y | T59: N | U59: Screenshot + trace on failure | V59: Automated | W59: tests/ui/beneficiaries.spec.js | AA59: @regression @beneficiary @p2 @smoke | AB59: Failed | AC59: Failed | AD59: Failed | AE59: Passed | AF59: Passed | AG59: AD-01, AD-02, AD-04, AD-06, AD-09
A60: TC-BEN-V02 | B60: Primary allocation below 100% blocks progression | C60: Beneficiary Management | D60: BEN-V02 | E60: S1 | F60: R24 | G60: RI-13: Allocation below / above 100% allowed | H60: SDC-13 | I60: UI Boundary | J60: UI + API + DB | K60: Valid agent (AGENT_VALID) signed in via saved session; environment reachable; NEW application open at the beneficiaries step with every earlier step completed using valid data | L60: 1. Add one primary beneficiary with 60% (and 99%) 2. Click Next | M60: Allocations 60 and 99 | N60: Progression is blocked with an allocation message (total must equal 100) | O60: High | P60: P1 | Q60: P1 | R60: Y | S60: N | T60: N | U60: Screenshot attached on pass AND fail; trace/video on failure; diagnostics.json (console + 5xx) | V60: Automated | W60: tests/ui/beneficiaries.spec.js | AA60: @regression @beneficiary @p1 @release-gate @seeded @api | AB60: Not in smoke scope | AC60: Failed | AD60: Not in smoke scope | AE60: Not in smoke scope | AF60: Not in smoke scope
A61: TC-BEN-V03 | B61: Primary allocation above 100% blocks progression | C61: Beneficiary Management | D61: BEN-V03 | E61: S1 | F61: R24 | G61: RI-13: Allocation below / above 100% allowed | H61: SDC-13 | I61: UI Boundary | J61: UI + API + DB | K61: Valid agent (AGENT_VALID) signed in via saved session; environment reachable; NEW application open at the beneficiaries step with every earlier step completed using valid data | L61: 1. Add primary beneficiaries with 60% and 60% (total 120%) 2. Click Next | M61: Allocations 60 + 60 (and a single 101) | N61: Progression is blocked with an allocation message | O61: High | P61: P2 | Q61: P1 | R61: N | S61: N | T61: N | U61: Screenshot attached on pass AND fail; trace/video on failure; diagnostics.json (console + 5xx) | V61: Automated | W61: tests/ui/beneficiaries.spec.js | AA61: @regression @beneficiary @p2 @seeded @api | AB61: Not in smoke scope | AC61: Failed | AD61: Not in smoke scope | AE61: Not in smoke scope | AF61: Not in smoke scope
A62: TC-BEN-V04 | B62: Secondary allocation validated separately | C62: Beneficiary Management | D62: BEN-V04 | E62: S1 | F62: R24 | I62: UI Negative | J62: UI | K62: Valid agent (AGENT_VALID) signed in via saved session; environment reachable; NEW application open at the beneficiaries step with every earlier step completed using valid data | L62: 1. Add a primary beneficiary with 100% 2. Add a secondary with 50% 3. Click Next 4. Add a second secondary with 50% 5. Click Next | M62: Generated synthetic data (utils/dataBuilder.js) | N62: Secondary total of 50% blocks progression; with secondary total 100% progression succeeds | O62: Medium | P62: P2 | Q62: P2 | R62: N | S62: N | T62: N | U62: Screenshot + trace on failure | V62: Automated | W62: tests/ui/beneficiaries.spec.js | AA62: @regression @beneficiary @p2 | AB62: Not in smoke scope | AC62: Failed | AD62: Not in smoke scope | AE62: Not in smoke scope | AF62: Not in smoke scope
A63: TC-BEN-V05 | B63: Minor beneficiary requires guardian details | C63: Beneficiary Management | D63: BEN-V05 | E63: S1 | F63: R25 | G63: RI-14: Minor beneficiary guardian not required | H63: SDC-14 | I63: UI Negative | J63: UI + API + DB | K63: Valid agent (AGENT_VALID) signed in via saved session; environment reachable; NEW application open at the beneficiaries step with every earlier step completed using valid data | L63: 1. Add a beneficiary aged 10 WITHOUT guardian details and save/continue 2. Add guardian name and relationship and continue | M63: dobForAge(10) | N63: Missing guardian is refused with a guardian message; with guardian details it is accepted | O63: High | P63: P1 | Q63: P1 | R63: Y | S63: N | T63: N | U63: Screenshot attached on pass AND fail; trace/video on failure; diagnostics.json (console + 5xx) | V63: Automated | W63: tests/ui/beneficiaries.spec.js | AA63: @regression @beneficiary @p1 @release-gate @seeded @api | AB63: Not in smoke scope | AC63: Failed | AD63: Not in smoke scope | AE63: Not in smoke scope | AF63: Not in smoke scope
A64: TC-BEN-V06 | B64: Trust type shows Trust Name, Trustee Name, Trust Date | C64: Beneficiary Management | D64: BEN-V06 | E64: S1 | F64: R27 | I64: UI Positive | J64: UI | K64: Valid agent (AGENT_VALID) signed in via saved session; environment reachable; NEW application open at the beneficiaries step with every earlier step completed using valid data | L64: 1. Open the add form 2. Select beneficiary type Trust | M64: Generated synthetic data (utils/dataBuilder.js) | N64: Trust name, trustee name and trust date fields are visible | O64: Low | P64: P3 | Q64: P3 | R64: N | S64: N | T64: N | U64: Screenshot + trace on failure | V64: Automated | W64: tests/ui/beneficiaries.spec.js | AA64: @regression @beneficiary @p3 | AB64: Not in smoke scope | AC64: Failed | AD64: Not in smoke scope | AE64: Not in smoke scope | AF64: Not in smoke scope
A65: TC-BEN-V07 | B65: Organization type shows registration and contact fields | C65: Beneficiary Management | D65: BEN-V07 | E65: S1 | F65: R27 | I65: UI Positive | J65: UI | K65: Valid agent (AGENT_VALID) signed in via saved session; environment reachable; NEW application open at the beneficiaries step with every earlier step completed using valid data | L65: 1. Open the add form 2. Select beneficiary type Organization | M65: Generated synthetic data (utils/dataBuilder.js) | N65: Organization name, registration and contact fields are visible | O65: Low | P65: P3 | Q65: P3 | R65: N | S65: N | T65: N | U65: Screenshot + trace on failure | V65: Automated | W65: tests/ui/beneficiaries.spec.js | AA65: @regression @beneficiary @p3 | AB65: Not in smoke scope | AC65: Failed | AD65: Not in smoke scope | AE65: Not in smoke scope | AF65: Not in smoke scope
A66: TC-BEN-V08 | B66: Duplicate beneficiary (Name + DOB + Relationship) blocked | C66: Beneficiary Management | D66: BEN-V08 | E66: S1 | F66: R26 | G66: RI-15: Duplicate beneficiaries not blocked | H66: SDC-15 | I66: UI Negative | J66: UI + API | K66: Valid agent (AGENT_VALID) signed in via saved session; environment reachable; NEW application open at the beneficiaries step with every earlier step completed using valid data | L66: 1. Add a beneficiary (50%) 2. Add a second with the SAME name, DOB and relationship | M66: Generated synthetic data (utils/dataBuilder.js) | N66: The duplicate is refused with a duplicate message and only one row remains | O66: Medium | P66: P2 | Q66: P2 | R66: N | S66: N | T66: N | U66: Screenshot attached on pass AND fail; trace/video on failure; diagnostics.json (console + 5xx) | V66: Automated | W66: tests/ui/beneficiaries.spec.js | AA66: @regression @beneficiary @p2 @seeded @api | AB66: Not in smoke scope | AC66: Failed | AD66: Not in smoke scope | AE66: Not in smoke scope | AF66: Not in smoke scope
A67: TC-BEN-V09 | B67: Removing a beneficiary updates running allocation total | C67: Beneficiary Management | D67: BEN-V09 | E67: S1 | F67: R28 | I67: UI Positive | J67: UI | K67: Valid agent (AGENT_VALID) signed in via saved session; environment reachable; NEW application open at the beneficiaries step with every earlier step completed using valid data | L67: 1. Add two primary beneficiaries (60% and 40%) 2. Remove the first | M67: Generated synthetic data (utils/dataBuilder.js) | N67: Row count drops from 2 to 1; where the page shows a running total it becomes 40 | O67: Medium | P67: P2 | Q67: P2 | R67: N | S67: N | T67: N | U67: Screenshot + trace on failure | V67: Automated | W67: tests/ui/beneficiaries.spec.js | AA67: @regression @beneficiary @p2 | AB67: Not in smoke scope | AC67: Failed or skipped (not itemised) | AD67: Not in smoke scope | AE67: Not in smoke scope | AF67: Not in smoke scope
A68: TC-BEN-V10 | B68: At least one primary beneficiary is mandatory | C68: Beneficiary Management | D68: BEN-V10 | E68: S1+ | F68: R24 | I68: UI Negative | J68: UI | K68: Valid agent (AGENT_VALID) signed in via saved session; environment reachable; NEW application open at the beneficiaries step with every earlier step completed using valid data | L68: 1. Click Next with no beneficiaries 2. Add only a SECONDARY beneficiary and click Next | M68: Generated synthetic data (utils/dataBuilder.js) | N68: Progression is blocked in both cases | O68: High | P68: P2 | Q68: P1 | R68: N | S68: N | T68: N | U68: Screenshot + trace on failure | V68: Automated | W68: tests/ui/beneficiaries.spec.js | AA68: @regression @beneficiary @p2 | AB68: Not in smoke scope | AC68: Failed or skipped (not itemised) | AD68: Not in smoke scope | AE68: Not in smoke scope | AF68: Not in smoke scope
A69: TC-BEN-V11 | B69: Irrevocable beneficiary triggers legal confirmation dialog | C69: Beneficiary Management | D69: BEN-V11 | E69: S1+ | F69: R27 | I69: UI Positive | J69: UI | K69: Valid agent (AGENT_VALID) signed in via saved session; environment reachable; NEW application open at the beneficiaries step with every earlier step completed using valid data | L69: 1. Fill a beneficiary and tick irrevocable 2. Save | M69: Generated synthetic data (utils/dataBuilder.js) | N69: A native browser confirm() dialog mentioning the irrevocable designation appears; accepting it saves the beneficiary | O69: Medium | P69: P2 | Q69: P2 | R69: N | S69: N | T69: N | U69: Screenshot + trace on failure | V69: Automated | W69: tests/ui/beneficiaries.spec.js | AA69: @regression @beneficiary @p2 | AB69: Not in smoke scope | AC69: Failed or skipped (not itemised) | AD69: Not in smoke scope | AE69: Not in smoke scope | AF69: Not in smoke scope
A70: TC-DOC-V01 | B70: Valid KYC document (PDF/JPG/PNG) uploads successfully | C70: Document Upload | D70: DOC-V01 | E70: S1 | F70: R30 | I70: UI Positive | J70: UI | K70: Valid agent (AGENT_VALID) signed in via saved session; environment reachable; NEW application open at the documents step with every earlier step completed using valid data | L70: 1. Upload a valid PDF 2. Upload a valid JPG 3. Upload a valid PNG | M70: In-memory files (utils/files.js) | N70: Each upload is accepted: no error is shown and an uploaded-document entry is present | O70: High | P70: P2 | Q70: P1 | R70: N | S70: Y | T70: N | U70: Screenshot + trace on failure | V70: Automated | W70: tests/ui/documents.spec.js | AA70: @regression @document @p2 @smoke | AB70: Failed | AC70: Failed | AD70: Failed | AE70: Passed | AF70: Passed | AG70: AD-01, AD-02, AD-04, AD-09
A71: TC-DOC-V02 | B71: Unsupported file type rejected | C71: Document Upload | D71: DOC-V02 | E71: S1 | F71: R30 | I71: UI Negative | J71: UI + API | K71: Valid agent (AGENT_VALID) signed in via saved session; environment reachable; NEW application open at the documents step with every earlier step completed using valid data | L71: 1. Upload an .exe file 2. Upload a .txt file | M71: Generated synthetic data (utils/dataBuilder.js) | N71: Each is rejected with a file-type message and no uploaded entry is created | O71: Medium | P71: P2 | Q71: P2 | R71: N | S71: N | T71: N | U71: Screenshot + trace on failure | V71: Automated | W71: tests/ui/documents.spec.js | AA71: @regression @document @p2 @api | AB71: Not in smoke scope | AC71: Failed or skipped (not itemised) | AD71: Not in smoke scope | AE71: Not in smoke scope | AF71: Not in smoke scope
A72: TC-DOC-V03 | B72: File above maximum size rejected | C72: Document Upload | D72: DOC-V03 | E72: S1 | F72: R30 | I72: UI Boundary | J72: UI | K72: Valid agent (AGENT_VALID) signed in via saved session; environment reachable; NEW application open at the documents step with every earlier step completed using valid data | L72: 1. Upload a PDF of (maximum + 1) MB | M72: MAX_UPLOAD_MB | N72: Rejected with a file-size message | O72: Medium | P72: P2 | Q72: P2 | R72: N | S72: N | T72: N | U72: Screenshot + trace on failure | V72: Automated | W72: tests/ui/documents.spec.js | X72: MAX_UPLOAD_MB defaults to the confirmed 5 MB | AA72: @regression @document @p2 | AB72: Not in smoke scope | AC72: Failed or skipped (not itemised) | AD72: Not in smoke scope | AE72: Not in smoke scope | AF72: Not in smoke scope
A73: TC-DOC-V04 | B73: Missing mandatory document blocks submission | C73: Document Upload | D73: DOC-V04 | E73: S1 | F73: R29 | G73: RI-06: Mandatory KYC documents not enforced | H73: SDC-06 | I73: UI Negative | J73: UI + API + DB | K73: Valid agent (AGENT_VALID) signed in via saved session; environment reachable; NEW application open at the documents step with every earlier step completed using valid data | L73: 1. Do NOT upload any document 2. Click Next 3. If the review step is reached, try to submit | M73: Generated synthetic data (utils/dataBuilder.js) | N73: Either Next is blocked with a document message, or the review step cannot be submitted and no reference number is issued | O73: Critical | P73: P1 | Q73: P1 | R73: Y | S73: N | T73: N | U73: Screenshot attached on pass AND fail; trace/video on failure; diagnostics.json (console + 5xx) | V73: Automated | W73: tests/ui/documents.spec.js | AA73: @regression @document @p1 @release-gate @seeded @api | AB73: Not in smoke scope | AC73: Failed or skipped (not itemised) | AD73: Not in smoke scope | AE73: Not in smoke scope | AF73: Not in smoke scope
A74: TC-VAL-V01 | B74: Validation summary lists all unresolved errors, grouped | C74: Validation Summary | D74: VAL-V01 | E74: S1 | F74: R32 | I74: UI Negative | J74: UI | K74: Valid agent (AGENT_VALID) signed in via saved session; environment reachable; review step reached with the mandatory documents missing | L74: 1. Reach the review step without documents 2. Read the validation summary | M74: Generated synthetic data (utils/dataBuilder.js) | N74: The summary shows at least one item and one refers to documents | O74: High | P74: P2 | Q74: P1 | R74: N | S74: N | T74: N | U74: Screenshot + trace on failure | V74: Automated | W74: tests/ui/documents.spec.js | X74: Skips if the app does not allow reaching review with errors | AA74: @regression @validation @p2 | AB74: Not in smoke scope | AC74: Failed or skipped (not itemised) | AD74: Not in smoke scope | AE74: Not in smoke scope | AF74: Not in smoke scope
A75: TC-VAL-V02 | B75: Clicking a summary item navigates to the field/section | C75: Validation Summary | D75: VAL-V02 | E75: S1 | F75: R32 | I75: UI Positive | J75: UI | K75: Valid agent (AGENT_VALID) signed in via saved session; environment reachable; review step reached with errors | L75: 1. Click the first validation summary item | M75: Generated synthetic data (utils/dataBuilder.js) | N75: The browser moves to the section that owns the error (step title or URL changes) | O75: Low | P75: P3 | Q75: P3 | R75: N | S75: N | T75: N | U75: Screenshot + trace on failure | V75: Automated | W75: tests/ui/documents.spec.js | X75: Skips if the app does not allow reaching review with errors | AA75: @regression @validation @p3 | AB75: Not in smoke scope | AC75: Failed or skipped (not itemised) | AD75: Not in smoke scope | AE75: Not in smoke scope | AF75: Not in smoke scope | AG75: AC-01
A76: TC-VAL-V03 | B76: Submit stays disabled until critical errors are resolved | C76: Validation Summary | D76: VAL-V03 | E76: S1 | F76: R31 | G76: RI-17: Submit enabled despite validation errors | H76: SDC-17 | I76: UI Negative | J76: UI | K76: Valid agent (AGENT_VALID) signed in via saved session; environment reachable; review step reached with the mandatory documents missing | L76: 1. Confirm Submit is disabled 2. Resolve the error (upload documents) 3. Return to review | M76: Generated synthetic data (utils/dataBuilder.js) | N76: Submit is disabled while errors exist and enabled once they are resolved | O76: Critical | P76: P1 | Q76: P1 | R76: Y | S76: N | T76: N | U76: Screenshot attached on pass AND fail; trace/video on failure; diagnostics.json (console + 5xx) | V76: Automated | W76: tests/ui/documents.spec.js | X76: Skips if the app does not allow reaching review with errors | AA76: @regression @validation @p1 @release-gate @seeded | AB76: Not in smoke scope | AC76: Failed or skipped (not itemised) | AD76: Not in smoke scope | AE76: Not in smoke scope | AF76: Not in smoke scope
A77: TC-WF-V01 | B77: Partial application saved as draft; draft row on dashboard | C77: Submission & Status Tracking | D77: WF-V01 | E77: S1 | F77: R33 | G77: RI-16: Draft data not persisted | H77: SDC-16 | I77: UI Positive | J77: UI | K77: Valid agent (AGENT_VALID) signed in via saved session; environment reachable | L77: 1. Start a new application 2. Complete the client step and move on 3. Save draft on the address step 4. Open the dashboard | M77: Generated synthetic data (utils/dataBuilder.js) | N77: A row with status Draft exists on the dashboard | O77: High | P77: P1 | Q77: P1 | R77: Y | S77: Y | T77: N | U77: Screenshot attached on pass AND fail; trace/video on failure; diagnostics.json (console + 5xx) | V77: Automated | W77: tests/e2e/workflow.spec.js | AA77: @regression @workflow @p1 @smoke @release-gate @seeded | AB77: Failed | AC77: Failed | AD77: Failed | AE77: Passed | AF77: Passed | AG77: AD-01, AD-04, AD-06, AD-10
A78: TC-WF-V02 | B78: Draft resumed with previously saved data intact | C78: Submission & Status Tracking | D78: WF-V02 | E78: S1 | F78: R09, R33 | G78: RI-16: Draft data not persisted | H78: SDC-16 | I78: UI Positive | J78: UI + DB | K78: Valid agent (AGENT_VALID) signed in via saved session; environment reachable | L78: 1. Start a new application and fill the client step 2. Save draft 3. Go to the dashboard and resume the draft 4. Return to the client step | M78: Generated synthetic data (utils/dataBuilder.js) | N78: First name, last name and date of birth equal the saved values | O78: High | P78: P2 | Q78: P1 | R78: N | S78: N | T78: N | U78: Screenshot attached on pass AND fail; trace/video on failure; diagnostics.json (console + 5xx) | V78: Automated | W78: tests/e2e/workflow.spec.js | AA78: @regression @workflow @p2 @seeded | AB78: Not in smoke scope | AC78: Failed or skipped (not itemised) | AD78: Not in smoke scope | AE78: Not in smoke scope | AF78: Not in smoke scope
A79: TC-WF-V03 | B79: Full E2E: valid application submitted; reference number shown | C79: Submission & Status Tracking | D79: WF-V03 | E79: S1 | F79: R34 | I79: E2E | J79: UI + API + DB | K79: Valid agent (AGENT_VALID) signed in via saved session; environment reachable | L79: 1. Log in 2. Start a new application 3. Complete every step with valid data 4. Submit on the review step | M79: Generated synthetic data (utils/dataBuilder.js) | N79: A non-empty reference number is displayed | O79: Critical | P79: P1 | Q79: P1 | R79: Y | S79: Y | T79: N | U79: Screenshot (review + confirmation) attached on pass and fail | V79: Automated | W79: tests/e2e/workflow.spec.js | AA79: @regression @workflow @p1 @smoke @release-gate @e2e @api | AB79: Failed | AC79: Failed | AD79: Failed | AE79: Passed | AF79: Passed | AG79: AD-01, AD-02, AD-05, AD-06, AD-09
A80: TC-WF-V04 | B80: Submitted application is read-only | C80: Submission & Status Tracking | D80: WF-V04 | E80: S1 | F80: R36 | I80: UI Positive | J80: UI | K80: Valid agent (AGENT_VALID) signed in via saved session; environment reachable | L80: 1. Complete and submit an application 2. Inspect the page for editable controls | M80: Generated synthetic data (utils/dataBuilder.js) | N80: No editable input remains and the submit control is gone or disabled | O80: Medium | P80: P2 | Q80: P2 | R80: N | S80: N | T80: N | U80: Screenshot + trace on failure | V80: Automated | W80: tests/e2e/workflow.spec.js | AA80: @regression @workflow @p2 | AB80: Not in smoke scope | AC80: Failed or skipped (not itemised) | AD80: Not in smoke scope | AE80: Not in smoke scope | AF80: Not in smoke scope
A81: TC-WF-V05 | B81: Confirmation / status message shown after submission | C81: Submission & Status Tracking | D81: WF-V05 | E81: S1 | F81: R34 | I81: UI Positive | J81: UI | K81: Valid agent (AGENT_VALID) signed in via saved session; environment reachable | L81: 1. Complete and submit an application | M81: Generated synthetic data (utils/dataBuilder.js) | N81: A confirmation message matching the submitted pattern is displayed | O81: Low | P81: P3 | Q81: P3 | R81: N | S81: N | T81: N | U81: Screenshot + trace on failure | V81: Automated | W81: tests/e2e/workflow.spec.js | AA81: @regression @workflow @p3 | AB81: Not in smoke scope | AC81: Failed or skipped (not itemised) | AD81: Not in smoke scope | AE81: Not in smoke scope | AF81: Not in smoke scope
A82: TC-WF-V06 | B82: Dashboard status becomes Submitted after submission | C82: Submission & Status Tracking | D82: WF-V06 | E82: S1 | F82: R07, R34 | G82: RI-18: Dashboard status differs from backend status | H82: SDC-18 | I82: E2E | J82: UI + API + DB | K82: Valid agent (AGENT_VALID) signed in via saved session; environment reachable | L82: 1. Complete and submit an application 2. Open the dashboard 3. Find the application row | M82: Generated synthetic data (utils/dataBuilder.js) | N82: The application row shows status Submitted | O82: High | P82: P1 | Q82: P1 | R82: Y | S82: N | T82: N | U82: Screenshot attached on pass AND fail; trace/video on failure; diagnostics.json (console + 5xx) | V82: Automated | W82: tests/e2e/workflow.spec.js | AA82: @regression @workflow @p1 @release-gate @seeded @e2e @api | AB82: Not in smoke scope | AC82: Failed or skipped (not itemised) | AD82: Not in smoke scope | AE82: Not in smoke scope | AF82: Not in smoke scope
A83: TC-WF-V07 | B83: Application detail status matches Status API | C83: Submission & Status Tracking | D83: WF-V07 | E83: S1 | F83: R07, R34 | G83: RI-18: Dashboard status differs from backend status | H83: SDC-18 | I83: UI-API Integration | J83: UI + API + DB | K83: Valid agent (AGENT_VALID) signed in via saved session; environment reachable | L83: 1. Submit an application and read the status on the page 2. Call GET /applications/{id}/status | M83: Generated synthetic data (utils/dataBuilder.js) | N83: UI status text equals the API status | O83: High | P83: P2 | Q83: P1 | R83: N | S83: N | T83: N | U83: Screenshot + API response attached | V83: Automated | W83: tests/integration/ui-api.spec.js | X83: Skips if the application id cannot be read from the URL | AA83: @regression @workflow @p2 @seeded @api | AB83: Not in smoke scope | AC83: Failed or skipped (not itemised) | AD83: Not in smoke scope | AE83: Not in smoke scope | AF83: Not in smoke scope
A84: TC-WF-V08 | B84: Review page reflects the entered client, product and premium (beneficiary persists on its step) | C84: Submission & Status Tracking | D84: WF-V08 | E84: S2+ | F84: R19 | I84: UI Consistency | J84: UI | K84: Valid agent (AGENT_VALID) signed in via saved session; environment reachable | L84: 1. Complete every step with valid data 2. Open the review step 3. Read the review text | M84: Generated synthetic data (utils/dataBuilder.js) | N84: Review shows the client name, product, sum assured and a premium equal to the configured premium; the beneficiary row is still present on the beneficiary step (the review snapshot has no beneficiary section - CL-03) | O84: High | P84: P2 | Q84: P1 | R84: N | S84: Y | T84: N | U84: Screenshot of review attached on pass and fail | V84: Automated | W84: tests/e2e/workflow.spec.js | AA84: @regression @workflow @p2 @smoke | AB84: Failed | AC84: Failed | AD84: Failed | AE84: Failed | AF84: Passed | AG84: AD-01, AD-02, AD-09, AD-12, AC-04, CL-03
A85: TC-API-V01 | B85: Products API returns 200 and expected schema | C85: API Validation | D85: API-V01 | E85: S1 | F85: R37 | I85: API | J85: API | K85: Valid agent authenticated through POST /auth/login | L85: 1. GET /products | M85: Generated synthetic data (utils/dataBuilder.js) | N85: 200, JSON, non-empty list; each product has an id and a name | O85: High | P85: P2 | Q85: P1 | R85: N | S85: Y | T85: N | U85: Response status/body attached | V85: Automated | W85: tests/api/applications.api.spec.js | AA85: @regression @api @p2 @smoke | AB85: Failed | AC85: Failed | AD85: Failed | AE85: Skipped (environment) | AF85: Skipped (environment) | AG85: AD-03, AD-11
A86: TC-API-V02 | B86: Applications API requires authorization (401/403) | C86: API Validation | D86: API-V02 | E86: S1 | F86: R04 | I86: API Security | J86: API | K86: No token / no session | L86: 1. GET /applications without credentials | M86: none | N86: 401 or 403; no application data in the body | O86: Critical | P86: P1 | Q86: P1 | R86: Y | S86: Y | T86: N | U86: Response status/body attached | V86: Automated | W86: tests/api/applications.api.spec.js | AA86: @regression @api @p1 @smoke @release-gate | AB86: Failed | AC86: Failed | AD86: Failed | AE86: Skipped (environment) | AF86: Skipped (environment) | AG86: AD-03, AD-11, AC-03
A87: TC-API-V03 | B87: Client API rejects future / underage DOB | C87: API Validation | D87: API-V03 | E87: S1 | F87: R11 | G87: RI-05: Future date of birth accepted RI-19: API validation differs from UI validation | H87: SDC-05, SDC-19 | I87: API Negative | J87: API | K87: Authenticated agent; a DISPOSABLE draft application id (created via API or taken from the first draft) | L87: 1. POST /applications/{id}/client with DOB tomorrow 2. POST with DOB of an age-17 person | M87: Generated synthetic data (utils/dataBuilder.js) | N87: Both are rejected with a 4xx validation response | O87: High | P87: P2 | Q87: P1 | R87: N | S87: N | T87: N | U87: Response status/body attached | V87: Automated | W87: tests/api/applications.api.spec.js | X87: Needs a draft application id (Q21) | Y87: Q21 | AA87: @regression @api @p2 @seeded | AB87: Not in smoke scope | AC87: Failed or skipped (not itemised) | AD87: Not in smoke scope | AE87: Not in smoke scope | AF87: Not in smoke scope | AG87: AD-03, AD-11
A88: TC-API-V04 | B88: Validate API returns beneficiary allocation error | C88: API Validation | D88: API-V04 | E88: S1 | F88: R24 | G88: RI-13: Allocation below / above 100% allowed RI-19: API validation differs from UI validation | H88: SDC-13, SDC-19 | I88: API Negative | J88: API | K88: Authenticated agent; DISPOSABLE draft application id | L88: 1. POST /applications/{id}/beneficiaries with a single 60% primary 2. POST /applications/{id}/validate | M88: Generated synthetic data (utils/dataBuilder.js) | N88: The validation result contains an allocation error | O88: High | P88: P2 | Q88: P1 | R88: N | S88: N | T88: N | U88: Response status/body attached | V88: Automated | W88: tests/api/applications.api.spec.js | X88: Needs a draft application id (Q21) | Y88: Q21 | AA88: @regression @api @p2 @seeded | AB88: Not in smoke scope | AC88: Failed or skipped (not itemised) | AD88: Not in smoke scope | AE88: Not in smoke scope | AF88: Not in smoke scope | AG88: AD-03, AD-11
A89: TC-API-V05 | B89: Submit API rejects incomplete application | C89: API Validation | D89: API-V05 | E89: S1 | F89: R29, R35 | G89: RI-06: Mandatory KYC documents not enforced | H89: SDC-06 | I89: API Negative | J89: API + DB | K89: Authenticated agent; a draft application that is INCOMPLETE | L89: 1. POST /applications/{id}/submit | M89: Generated synthetic data (utils/dataBuilder.js) | N89: 4xx response; no reference number in the body | O89: Critical | P89: P1 | Q89: P1 | R89: Y | S89: N | T89: N | U89: Response status/body attached | V89: Automated | W89: tests/api/applications.api.spec.js | X89: Needs a draft application id (Q21) | Y89: Q21 | AA89: @regression @api @p1 @release-gate @seeded | AB89: Not in smoke scope | AC89: Failed or skipped (not itemised) | AD89: Not in smoke scope | AE89: Not in smoke scope | AF89: Not in smoke scope | AG89: AD-03, AD-11
A90: TC-API-V06 | B90: Status API matches the applications list | C90: API Validation | D90: API-V06 | E90: S1 | F90: R07 | G90: RI-18: Dashboard status differs from backend status | H90: SDC-18 | I90: UI-API Integration | J90: API | K90: Valid agent (AGENT_VALID) signed in via saved session; environment reachable | L90: 1. GET /applications 2. For up to 5 items GET /applications/{id}/status 3. Compare status | M90: Generated synthetic data (utils/dataBuilder.js) | N90: List status equals status-endpoint status for each application | O90: High | P90: P2 | Q90: P1 | R90: N | S90: N | T90: N | U90: Response status/body attached | V90: Automated | W90: tests/api/applications.api.spec.js | AA90: @regression @api @p2 @seeded | AB90: Not in smoke scope | AC90: Failed or skipped (not itemised) | AD90: Not in smoke scope | AE90: Not in smoke scope | AF90: Not in smoke scope | AG90: AD-03, AD-11
A91: TC-API-V07 | B91: Product detail API matches UI detail page | C91: API Validation | D91: API-V07 | E91: S1 | F91: R37 | G91: RI-19: API validation differs from UI validation | H91: SDC-19 | I91: UI-API Integration | J91: UI + API | K91: Valid agent (AGENT_VALID) signed in via saved session; environment reachable; NEW application open at the product step with every earlier step completed using valid data | L91: 1. Read the first product name on the UI 2. GET /products and find the same product 3. GET /products/{id} | M91: Generated synthetic data (utils/dataBuilder.js) | N91: The API product name appears in the UI product card text | O91: Medium | P91: P2 | Q91: P2 | R91: N | S91: N | T91: N | U91: Screenshot + API response attached | V91: Automated | W91: tests/integration/ui-api.spec.js | X91: Needs product ids in the API response | AA91: @regression @api @p2 @seeded | AB91: Not in smoke scope | AC91: Failed or skipped (not itemised) | AD91: Not in smoke scope | AE91: Not in smoke scope | AF91: Not in smoke scope
A92: TC-API-V08 | B92: Applications API returns only logged-in agent records | C92: API Validation | D92: API-V08 | E92: S1 | F92: R08 | I92: API Security | J92: API | K92: Two seeded agents (AGENT_VALID, AGENT_SECOND) | L92: 1. GET /applications as agent A 2. GET /applications as agent B 3. Compare ids | M92: AGENT_VALID_*, AGENT_SECOND_* | N92: The id sets are disjoint | O92: Critical | P92: P2 | Q92: P1 | R92: N | S92: N | T92: N | U92: Response status/body attached | V92: Automated | W92: tests/api/applications.api.spec.js | X92: Second agent defaults to learner001 (confirmed seeded); override with AGENT_SECOND_EMAIL | AA92: @regression @api @p2 | AB92: Not in smoke scope | AC92: Failed or skipped (not itemised) | AD92: Not in smoke scope | AE92: Not in smoke scope | AF92: Not in smoke scope | AG92: AD-03, AD-11, AC-02
A93: TC-API-V09 | B93: Riders API schema, eligibility and dependency rules | C93: API Validation | D93: API-V09 | E93: S1+ | F93: R37 | I93: API | J93: API | K93: Valid agent (AGENT_VALID) signed in via saved session; environment reachable | L93: 1. GET /riders | M93: Generated synthetic data (utils/dataBuilder.js) | N93: 200, JSON, non-empty list; each rider has an id and a name | O93: Medium | P93: P2 | Q93: P2 | R93: N | S93: N | T93: N | U93: Response status/body attached | V93: Automated | W93: tests/api/applications.api.spec.js | AA93: @regression @api @p2 | AB93: Not in smoke scope | AC93: Failed or skipped (not itemised) | AD93: Not in smoke scope | AE93: Not in smoke scope | AF93: Not in smoke scope
A94: TC-API-V10 | B94: Documents API rejects invalid type and oversized file | C94: API Validation | D94: API-V10 | E94: S1+ | F94: R30 | I94: API Negative | J94: API | K94: Authenticated agent; DISPOSABLE draft application id | L94: 1. POST /applications/{id}/documents with an .exe 2. POST with an oversize PDF | M94: Generated synthetic data (utils/dataBuilder.js) | N94: Both are rejected with 4xx | O94: Medium | P94: P2 | Q94: P2 | R94: N | S94: N | T94: N | U94: Response status/body attached | V94: Automated | W94: tests/api/applications.api.spec.js | X94: Needs a draft application id; oversize part needs MAX_UPLOAD_MB | AA94: @regression @api @p2 | AB94: Not in smoke scope | AC94: Failed or skipped (not itemised) | AD94: Not in smoke scope | AE94: Not in smoke scope | AF94: Not in smoke scope | AG94: AD-03, AD-11
A95: TC-API-V11 | B95: Status API returns history and timestamps | C95: API Validation | D95: API-V11 | E95: S1+ | F95: R34 | I95: API | J95: API | K95: Valid agent (AGENT_VALID) signed in via saved session; environment reachable | L95: 1. GET /applications 2. GET /applications/{id}/status for the first application | M95: Generated synthetic data (utils/dataBuilder.js) | N95: 200 and a status value; where a history is returned each entry has a timestamp | O95: Medium | P95: P2 | Q95: P2 | R95: N | S95: N | T95: N | U95: Response status/body attached | V95: Automated | W95: tests/api/applications.api.spec.js | AA95: @regression @api @p2 | AB95: Not in smoke scope | AC95: Failed or skipped (not itemised) | AD95: Not in smoke scope | AE95: Not in smoke scope | AF95: Not in smoke scope | AG95: AD-03, AD-11
A96: TC-API-V12 | B96: UI/API validation parity for the same invalid input | C96: API Validation | D96: API-V12 | E96: S1+ | F96: R37 | G96: RI-19: API validation differs from UI validation RI-05: Future date of birth accepted | H96: SDC-19, SDC-05 | I96: UI-API Integration | J96: UI + API | K96: Valid agent (AGENT_VALID) signed in via saved session; environment reachable; NEW application open at the client step (first step) | L96: 1. Enter a future DOB in the UI and click Next 2. Send the same DOB to POST /applications/{id}/client | M96: Generated synthetic data (utils/dataBuilder.js) | N96: Both the UI and the API reject the future DOB | O96: High | P96: P2 | Q96: P1 | R96: N | S96: N | T96: N | U96: Screenshot + API response attached | V96: Automated | W96: tests/integration/ui-api.spec.js | X96: Needs the application id from the URL | AA96: @regression @api @p2 @seeded | AB96: Not in smoke scope | AC96: Failed or skipped (not itemised) | AD96: Not in smoke scope | AE96: Not in smoke scope | AF96: Not in smoke scope
A97: TC-DB-01 | B97: Draft row exists with fields entered so far; resume matches stored data | C97: Database Validation | D97: DB-01 | E97: DB | F97: R33, R41 | I97: Database | J97: DB | K97: Read-only database access granted (Q04); schema / data dictionary shared | L97: 1. Run the UI or API scenario that creates the data 2. Run the read-only validation query for this check 3. Compare the result with the UI/API value | M97: Linked scenario(s): WF-V01, WF-V02 | N97: Query result matches the UI/API outcome (see the illustrative query pattern in Submission 1, section 3.4) | O97: High | P97: P2 | Q97: P2 | R97: N | S97: N | T97: N | U97: Query text + result attached to the report | V97: Blocked | Y97: Q04 | Z97: No database engine, schema or credentials supplied (Submission 1 question Q04 / dependency D06). API-read proxy is used where the linked API scenario exists. | AA97: @regression @database @p2 | AB97: Not automated | AC97: Not automated | AD97: Not automated | AE97: Not automated | AF97: Not automated
A98: TC-DB-02 | B98: Submitted application has unique reference number and status = Submitted | C98: Database Validation | D98: DB-02 | E98: DB | F98: R34, R41 | I98: Database | J98: DB | K98: Read-only database access granted (Q04); schema / data dictionary shared | L98: 1. Run the UI or API scenario that creates the data 2. Run the read-only validation query for this check 3. Compare the result with the UI/API value | M98: Linked scenario(s): WF-V03, WF-V06 | N98: Query result matches the UI/API outcome (see the illustrative query pattern in Submission 1, section 3.4) | O98: High | P98: P2 | Q98: P2 | R98: N | S98: N | T98: N | U98: Query text + result attached to the report | V98: Blocked | Y98: Q04 | Z98: No database engine, schema or credentials supplied (Submission 1 question Q04 / dependency D06). API-read proxy is used where the linked API scenario exists. | AA98: @regression @database @p2 | AB98: Not automated | AC98: Not automated | AD98: Not automated | AE98: Not automated | AF98: Not automated
A99: TC-DB-03 | B99: Status history has a new timestamped entry for each transition | C99: Database Validation | D99: DB-03 | E99: DB | F99: R07, R41 | I99: Database | J99: DB | K99: Read-only database access granted (Q04); schema / data dictionary shared | L99: 1. Run the UI or API scenario that creates the data 2. Run the read-only validation query for this check 3. Compare the result with the UI/API value | M99: Linked scenario(s): API-V11 | N99: Query result matches the UI/API outcome (see the illustrative query pattern in Submission 1, section 3.4) | O99: High | P99: P2 | Q99: P2 | R99: N | S99: N | T99: N | U99: Query text + result attached to the report | V99: Blocked | Y99: Q04 | Z99: No database engine, schema or credentials supplied (Submission 1 question Q04 / dependency D06). API-read proxy is used where the linked API scenario exists. | AA99: @regression @database @p2 | AB99: Not automated | AC99: Not automated | AD99: Not automated | AE99: Not automated | AF99: Not automated
A100: TC-DB-04 | B100: Primary / secondary allocations each sum to 100; no duplicate Name+DOB+Relationship | C100: Database Validation | D100: DB-04 | E100: DB | F100: R24, R41 | I100: Database | J100: DB | K100: Read-only database access granted (Q04); schema / data dictionary shared | L100: 1. Run the UI or API scenario that creates the data 2. Run the read-only validation query for this check 3. Compare the result with the UI/API value | M100: Linked scenario(s): BEN-V02..V09 | N100: Query result matches the UI/API outcome (see the illustrative query pattern in Submission 1, section 3.4) | O100: High | P100: P2 | Q100: P2 | R100: N | S100: N | T100: N | U100: Query text + result attached to the report | V100: Blocked | Y100: Q04 | Z100: No database engine, schema or credentials supplied (Submission 1 question Q04 / dependency D06). API-read proxy is used where the linked API scenario exists. | AA100: @regression @database @p2 | AB100: Not automated | AC100: Not automated | AD100: Not automated | AE100: Not automated | AF100: Not automated
A101: TC-DB-05 | B101: Minor beneficiary has a linked guardian record | C101: Database Validation | D101: DB-05 | E101: DB | F101: R25, R41 | I101: Database | J101: DB | K101: Read-only database access granted (Q04); schema / data dictionary shared | L101: 1. Run the UI or API scenario that creates the data 2. Run the read-only validation query for this check 3. Compare the result with the UI/API value | M101: Linked scenario(s): BEN-V05 | N101: Query result matches the UI/API outcome (see the illustrative query pattern in Submission 1, section 3.4) | O101: High | P101: P2 | Q101: P2 | R101: N | S101: N | T101: N | U101: Query text + result attached to the report | V101: Blocked | Y101: Q04 | Z101: No database engine, schema or credentials supplied (Submission 1 question Q04 / dependency D06). API-read proxy is used where the linked API scenario exists. | AA101: @regression @database @p2 | AB101: Not automated | AC101: Not automated | AD101: Not automated | AE101: Not automated | AF101: Not automated
...

Sheet Release Gate
A1: Release Gate (P1) - the scenarios that MUST pass for a release
A2: Submission 1 rated 52 of 105 scenarios P1. P1 is now limited to these. Everything else is regression (P2) or P3. Run: npm run test:gate
A4: Test Case ID | B4: Title | C4: Why a failure blocks the release | D4: Layer | E4: Automation Status | F4: Linked Risks
A5: TC-AUTH-V01 | B5: Valid agent logs in and lands on their draft application (BR-AUTH-010) | C5: If valid agents cannot sign in, nothing else is usable. | D5: UI | E5: Automated | F5: R01
A6: TC-AUTH-V05 | B6: Direct /dashboard access without login is blocked | C6: Protected pages must not be reachable without a session. | D6: UI | E6: Automated | F6: R04
A7: TC-AUTH-V06 | B7: Locked user cannot access dashboard; lock message shown | C7: Locked agents must stay locked out, with the correct message. | D7: UI | E7: Automated | F7: R02
A8: TC-DASH-V02 | B8: Agent sees only own applications (multi-agent isolation) | C8: An agent must never see another agent's applications (confidentiality). | D8: UI + API | E8: Automated | F8: R08
A9: TC-CLI-V05 | B9: Future DOB rejected | C9: A future date of birth would create an invalid policy. | D9: UI + API | E9: Automated | F9: R11
A10: TC-CLI-V08 | B10: SSN masked after entry (only last four digits visible) | C10: Unmasked SSN is a compliance / privacy breach. | D10: UI | E10: Automated | F10: R12
A11: TC-PROD-V01 | B11: Catalog displays expected Whole Life products | C11: Agents cannot sell if the product catalogue does not load. | D11: UI | E11: Automated | F11: R16
A12: TC-PROD-V05 | B12: Premium recalculates when frequency changes | C12: Wrong premium after a configuration change misprices the policy. | D12: UI + API | E12: Automated | F12: R18
A13: TC-PROD-V06 | B13: Review-page premium matches configuration page | C13: Premium on review must equal what the agent configured. | D13: UI + DB | E13: Automated | F13: R18, R19
A14: TC-RIDER-V02 | B14: Rider coverage cannot exceed base face value | C14: Rider cover above the base face value is an invalid coverage. | D14: UI + API | E14: Automated | F14: R20
A15: TC-BEN-V02 | B15: Primary allocation below 100% blocks progression | C15: Allocations must total 100% or payouts are disputed. | D15: UI + API + DB | E15: Automated | F15: R24
... A23: TC-API-V05 | B23: Submit API rejects incomplete application | C23: The submit API must refuse incomplete applications. | D23: API + DB | E23: Automated | F23: R29, R35
A25: Gate size | B25: =COUNTIF('Test Cases'!$P$5:$P$110,"P1")
A26: Target | B26: 15 to 20 scenarios
A27: Within target? | B27: =IF(AND(B25>=15,B25<=20),"Yes","No - review")

Sheet Traceability - Risks
A1: Traceability: Submission 1 risk register (R01-R41) to test cases
A2: Linked test cases are counted by formula from the Test Cases sheet.
A4: Risk ID | B4: Module | C4: Layer | D4: Risk | E4: Likelihood | F4: Impact | G4: Rating | H4: Covered by (Submission 1) | I4: Linked Test Cases | J4: # Test Cases
A5: R01 | B5: Authentication | C5: UI | D5: Valid agents cannot log in after authentication changes | E5: Medium | F5: High | G5: High | H5: AUTH-V01 | I5: TC-AUTH-V01, TC-AUTH-V09, TC-AUTH-V14 | J5: =COUNTIF('Test Cases'!$F$5:$F$110,"*"&A5&"*")
A6: R02 | B6: Authentication | C6: UI | D6: Locked or invalid users see incorrect or misleading messages | E6: Medium | F6: Medium | G6: Medium | H6: AUTH-V02, V06 | I6: TC-AUTH-V02, TC-AUTH-V03, TC-AUTH-V06 | J6: =COUNTIF('Test Cases'!$F$5:$F$110,"*"&A6&"*")
A7: R03 | B7: Authentication | C7: API/DB | D7: Lockout after five failures not enforced server-side or counter not stored | E7: Medium | F7: High | G7: High | H7: AUTH-V07, DB-10 | I7: TC-AUTH-V07, TC-DB-10 | J7: =COUNTIF('Test Cases'!$F$5:$F$110,"*"&A7&"*")
A8: R04 | B8: Authentication | C8: API | D8: Protected pages or endpoints reachable without authentication | E8: Low | F8: High | G8: Medium | H8: AUTH-V05, API-V02 | I8: TC-AUTH-V05, TC-API-V02 | J8: =COUNTIF('Test Cases'!$F$5:$F$110,"*"&A8&"*")
A9: R05 | B9: Authentication | C9: UI/API | D9: Session not cleared on logout; no session timeout | E9: Medium | F9: High | G9: High | H9: AUTH-V04, AUTH-V10 | I9: TC-AUTH-V04, TC-AUTH-V10 | J9: =COUNTIF('Test Cases'!$F$5:$F$110,"*"&A9&"*")
A10: R06 | B10: Authentication | C10: UI | D10: Password policy inconsistently enforced | E10: Medium | F10: Medium | G10: Medium | H10: AUTH-V08 | I10: TC-AUTH-V08, TC-AUTH-V11, TC-AUTH-V12, TC-AUTH-V13 | J10: =COUNTIF('Test Cases'!$F$5:$F$110,"*"&A10&"*")
A11: R07 | B11: Dashboard | C11: UI/API/DB | D11: Dashboard status differs from backend status | E11: Medium | F11: High | G11: High | H11: DASH-V06, API-V06, DB-03 | I11: TC-DASH-V01, TC-DASH-V03, TC-DASH-V05, TC-DASH-V06, TC-DASH-V07, TC-WF-V06, TC-WF-V07, TC-API-V06, TC-DB-03 | J11: =COUNTIF('Test Cases'!$F$5:$F$110,"*"&A11&"*")
A12: R08 | B12: Dashboard | C12: API/DB | D12: Agent sees another agent's applications | E12: Low | F12: High | G12: Medium | H12: DASH-V02, API-V08, DB-09 | I12: TC-DASH-V02, TC-API-V08, TC-DB-09 | J12: =COUNTIF('Test Cases'!$F$5:$F$110,"*"&A12&"*")
A13: R09 | B13: Dashboard | C13: UI | D13: Resumed draft shows missing or stale data | E13: Medium | F13: Medium | G13: Medium | H13: DASH-V04, WF-V02 | I13: TC-DASH-V04, TC-WF-V02 | J13: =COUNTIF('Test Cases'!$F$5:$F$110,"*"&A13&"*")
A14: R10 | B14: Client / KYC | C14: UI/API | D14: Age eligibility (18-65) rules missed | E14: Medium | F14: High | G14: High | H14: CLI-V03, V04 | I14: TC-CLI-V01, TC-CLI-V02, TC-CLI-V03, TC-CLI-V04, TC-CLI-V13 | J14: =COUNTIF('Test Cases'!$F$5:$F$110,"*"&A14&"*")
A15: R11 | B15: Client / KYC | C15: UI/API | D15: Future date of birth accepted | E15: Medium | F15: High | G15: High | H15: CLI-V05, API-V03 | I15: TC-CLI-V05, TC-API-V03 | J15: =COUNTIF('Test Cases'!$F$5:$F$110,"*"&A15&"*")
A16: R12 | B16: Client / KYC | C16: UI/DB | D16: SSN displayed unmasked, or stored/logged in clear text | E16: Medium | F16: High | G16: High | H16: CLI-V08, DB-07 | I16: TC-CLI-V08, TC-DB-07 | J16: =COUNTIF('Test Cases'!$F$5:$F$110,"*"&A16&"*")
... A45: R41 | B45: Cross-cutting | C45: DB | D45: Database access or schema not available for backend validation | E45: Medium | F45: Medium | G45: Medium | H45: DB-01..DB-10 | I45: TC-DB-01, TC-DB-02, TC-DB-03, TC-DB-04, TC-DB-05, TC-DB-06, TC-DB-07, TC-DB-08, TC-DB-09, TC-DB-10 | J45: =COUNTIF('Test Cases'!$F$5:$F$110,"*"&A45&"*")
A47: Risks with no test case | D47: =COUNTIF(J5:J45,0)

Sheet Traceability - Defects
A1: Traceability: seeded-defect themes (20 reported issues) to test cases
A2: SDC = "seeded-defect-candidate" id used by the third project's tests. The official DEF-* catalogue codes have still not been received. Column D holds the SDC id where a tagged test matches the theme; RI-03, RI-09, RI-11 and RI-20 have none yet. Detection status is only set from evidence: the live runs never reached the validation rules, so almost everything is Not run.
A4: Reported Issue ID | B4: Module | C4: Description | D4: Seeded Defect Catalog Code (fill) | E4: Linked Test Cases | F4: # Test Cases | G4: Detected in run? (fill: Detected / Not detected / Not run) | H4: Defect Log ID (fill)
A5: RI-01 | B5: Authentication | C5: Valid agents cannot log in after authentication changes | D5: SDC-01 | E5: TC-AUTH-V01 | F5: =COUNTIF('Test Cases'!$G$5:$G$110,"*"&A5&"*") | G5: Not detected
A6: RI-02 | B6: Authentication | C6: Locked or invalid agents get incorrect / misleading messages | D6: SDC-02 | E6: TC-AUTH-V02, TC-AUTH-V06, TC-AUTH-V07 | F6: =COUNTIF('Test Cases'!$G$5:$G$110,"*"&A6&"*") | G6: Not run | H6: AD-07
A7: RI-03 | B7: Authentication | C7: Password policy not consistently enforced | E7: TC-AUTH-V08, TC-AUTH-V13 | F7: =COUNTIF('Test Cases'!$G$5:$G$110,"*"&A7&"*") | G7: Not run
A8: RI-04 | B8: Client / KYC | C8: Client age eligibility rules (18-65) missed | D8: SDC-04 | E8: TC-CLI-V03, TC-CLI-V04, TC-CLI-V13 | F8: =COUNTIF('Test Cases'!$G$5:$G$110,"*"&A8&"*") | G8: Not run | H8: AC-04
A9: RI-05 | B9: Client / KYC | C9: Future date of birth accepted | D9: SDC-05 | E9: TC-CLI-V05, TC-API-V03, TC-API-V12 | F9: =COUNTIF('Test Cases'!$G$5:$G$110,"*"&A9&"*") | G9: Not run
A10: RI-06 | B10: Documents / Validation | C10: Mandatory KYC documents not enforced | D10: SDC-06 | E10: TC-DOC-V04, TC-API-V05 | F10: =COUNTIF('Test Cases'!$G$5:$G$110,"*"&A10&"*") | G10: Not run
A11: RI-07 | B11: Client / KYC | C11: SSN not masked properly | D11: SDC-07 | E11: TC-CLI-V08 | F11: =COUNTIF('Test Cases'!$G$5:$G$110,"*"&A11&"*") | G11: Not run | H11: AD-08
A12: RI-08 | B12: Client / KYC | C12: Income vs premium affordability not applied | D12: SDC-08 | E12: TC-CLI-V12 | F12: =COUNTIF('Test Cases'!$G$5:$G$110,"*"&A12&"*") | G12: Not run
A13: RI-09 | B13: Product / Policy | C13: Product eligibility not validated against age / suitability | E13: TC-PROD-V07, TC-PROD-V08 | F13: =COUNTIF('Test Cases'!$G$5:$G$110,"*"&A13&"*") | G13: Not run
A14: RI-10 | B14: Riders | C14: Rider coverage exceeds base face value | D14: SDC-10 | E14: TC-RIDER-V02 | F14: =COUNTIF('Test Cases'!$G$5:$G$110,"*"&A14&"*") | G14: Not run
A15: RI-11 | B15: Riders | C15: Exclusive waiver riders both selectable | E15: TC-RIDER-V05 | F15: =COUNTIF('Test Cases'!$G$5:$G$110,"*"&A15&"*") | G15: Not run
A16: RI-12 | B16: Product / Policy | C16: Premium not updated after configuration change | D16: SDC-12 | E16: TC-PROD-V05, TC-PROD-V06, TC-RIDER-V07 | F16: =COUNTIF('Test Cases'!$G$5:$G$110,"*"&A16&"*") | G16: Not run | H16: AD-13
A17: RI-13 | B17: Beneficiaries | C17: Allocation below / above 100% allowed | D17: SDC-13 | E17: TC-BEN-V02, TC-BEN-V03, TC-API-V04 | F17: =COUNTIF('Test Cases'!$G$5:$G$110,"*"&A17&"*") | G17: Not run
A18: RI-14 | B18: Beneficiaries | C18: Minor beneficiary guardian not required | D18: SDC-14 | E18: TC-BEN-V05 | F18: =COUNTIF('Test Cases'!$G$5:$G$110,"*"&A18&"*") | G18: Not run
A19: RI-15 | B19: Beneficiaries | C19: Duplicate beneficiaries not blocked | D19: SDC-15 | E19: TC-BEN-V08 | F19: =COUNTIF('Test Cases'!$G$5:$G$110,"*"&A19&"*") | G19: Not run
A20: RI-16 | B20: Submission / Status | C20: Draft data not persisted | D20: SDC-16 | E20: TC-DASH-V04, TC-PROD-V11, TC-WF-V01, TC-WF-V02 | F20: =COUNTIF('Test Cases'!$G$5:$G$110,"*"&A20&"*") | G20: Not run
A21: RI-17 | B21: Documents / Validation | C21: Submit enabled despite validation errors | D21: SDC-17 | E21: TC-VAL-V03 | F21: =COUNTIF('Test Cases'!$G$5:$G$110,"*"&A21&"*") | G21: Not run | H21: AC-01
A22: RI-18 | B22: Dashboard | C22: Dashboard status differs from backend status | D22: SDC-18 | E22: TC-DASH-V06, TC-WF-V06, TC-WF-V07, TC-API-V06 | F22: =COUNTIF('Test Cases'!$G$5:$G$110,"*"&A22&"*") | G22: Not run
A23: RI-19 | B23: Cross-cutting | C23: API validation differs from UI validation | D23: SDC-19 | E23: TC-API-V03, TC-API-V04, TC-API-V07, TC-API-V12 | F23: =COUNTIF('Test Cases'!$G$5:$G$110,"*"&A23&"*") | G23: Not run | H23: AD-03, AC-02
A24: RI-20 | B24: Cross-cutting | C24: Failures hard to debug (no consistent evidence) | E24: TC-FW-01 | F24: =COUNTIF('Test Cases'!$G$5:$G$110,"*"&A24&"*") | G24: Not run
A26: Detection rate | C26: =IF(COUNTIF(G5:G24,"Detected")+COUNTIF(G5:G24,"Not detected")=0,"n/a",COUNTIF(G5:G24,"Detected")/(COUNTIF(G5:G24,"Detected")+COUNTIF(G5:G24,"Not detected")))

Sheet Run Results
A1: Live run results (lab VM) and failure classification
A2: Only runs observed on the lab VM are recorded. Offline dry-runs against a mock application are NOT evidence about the application and are not listed.
A4: Run | B4: When | C4: Scope | D4: Code under test | E4: Total | F4: Passed | G4: Failed | H4: Skipped | I4: Pass rate | J4: Duration (min) | K4: Notes | L4: Itemised Passed (formula) | M4: Itemised Failed (formula)
A5: RUN-1 | B5: 2026-10-26 11:38 | C5: Smoke (@smoke), chromium + api | D5: Merged repo v1 (guessed selectors, no Create Draft step) | E5: 15 | F5: 5 | G5: 10 | H5: 0 | I5: =IF(E5=0,"n/a",F5/E5) | J5: 3.6 | K5: Failures are automation defects (see Defect Log AD-01..AD-04). Login and dashboard were correct. | L5: =COUNTIF('Test Cases'!$AB$5:$AB$110,"Passed") | M5: =COUNTIF('Test Cases'!$AB$5:$AB$110,"Failed")
A6: RUN-2 | B6: 2026-10-26 11:51 | C6: Full suite | D6: Merged repo v1 (same code as RUN-1) | E6: 96 | F6: 10 | G6: 73 | H6: 13 | I6: =IF(E6=0,"n/a",F6/E6) | J6: 14.1 | K6: Passed: AUTH-V01/V02/V03/V05/V11/V14 and FW-01..04. AUTH-V04 and DASH-V01 passed in RUN-1 but are not in RUN-2's passed list - failure text not captured (see AD-11). | L6: =COUNTIF('Test Cases'!$AC$5:$AC$110,"Passed") | M6: =COUNTIF('Test Cases'!$AC$5:$AC$110,"Failed")
A7: RUN-3 | B7: 2026-10-26 (after fixes) | C7: Smoke (@smoke), chromium + api | D7: Merged repo v2 (real ids, Create Draft step, learner account) | E7: 15 | F7: 7 | G7: 8 | H7: 0 | I7: =IF(E7=0,"n/a",F7/E7) | J7: 3.7 | K7: CLI-V01 and PROD-V01 now pass, so the Create Draft step and the client/address/KYC/product ids work live. Remaining failures: product minimum (AD-09), API 404 (AD-11), first-login timeout (AD-10). | L7: =COUNTIF('Test Cases'!$AD$5:$AD$110,"Passed") | M7: =COUNTIF('Test Cases'!$AD$5:$AD$110,"Failed")
A8: RUN-4 | B8: 2026-10-28 (after product / timeout / API-skip fixes) | C8: Smoke (@smoke), chromium + api | D8: Merged repo v3 | E8: 15 | F8: 11 | G8: 2 | H8: 2 | I8: =IF(E8=0,"n/a",F8/E8) | J8: 2.5 | K8: End-to-end submission (WF-V03), draft save (WF-V01), beneficiaries, documents and client info pass live. Failures: WF-V08 (over-specified review check, AD-12) and RIDER-V01 (premium summary not read, AD-13). API-V01/V02 skipped as an environment issue (AD-11). The review shows Calculated Age 36 for a DOB 35 years back (AC-04). | L8: =COUNTIF('Test Cases'!$AE$5:$AE$110,"Passed") | M8: =COUNTIF('Test Cases'!$AE$5:$AE$110,"Failed")
A9: RUN-5 | B9: 2026-10-28 (after the WF-V08 / CLI-V13 / diagnostics patch) | C9: Smoke (@smoke), chromium + api | D9: Merged repo v4 | E9: 15 | F9: 12 | G9: 1 | H9: 2 | I9: =IF(E9=0,"n/a",F9/E9) | J9: 2 | K9: Only RIDER-V01 fails: the page shows "Current rider premium: $0.00" until the step is saved (AD-13). API-V01/V02 still skipped (AD-11). CLI-V13 (age) not yet run. | L9: =COUNTIF('Test Cases'!$AF$5:$AF$110,"Passed") | M9: =COUNTIF('Test Cases'!$AF$5:$AF$110,"Failed")
A11: Classification of the failures (from the Defect Log)
A12: Type | B12: Count | C12: Meaning
A13: Automation defect | B13: =COUNTIF('Defect Log'!$B$5:$B$24,A13) | C13: The test or page object was wrong (locator, flow, API contract).
A14: Test-data issue | B14: =COUNTIF('Defect Log'!$B$5:$B$24,A14) | C14: Data or account choice made a correct test fail.
A15: Environment issue | B15: =COUNTIF('Defect Log'!$B$5:$B$24,A15) | C15: Lab VM, URL, port or timing - not a product defect.
A16: Application defect (candidate) | B16: =COUNTIF('Defect Log'!$B$5:$B$24,A16) | C16: Possible application defect, NOT yet reproduced on the lab.
A17: Clarification | B17: =COUNTIF('Defect Log'!$B$5:$B$24,A17) | C17: Needs a product-owner answer before it can be called a defect.
A18: Confirmed application defects | B18: =COUNTIFS('Defect Log'!$B$5:$B$24,"Application defect*",'Defect Log'!$K$5:$K$24,"Confirmed*") | C18: None yet: the live runs so far failed before any validation rule was reached. Re-run after the fixes, then update this sheet.

Sheet Defect Log
A1: Defect Log - classified before logging (README section 6)
A2: Yellow cells are for you: record the live re-run result and date after each fix. "PROBABLE" or "HYPOTHESIS" in the analysis means the failure text was not captured.
A4: Defect ID | B4: Type | C4: Module | D4: Title | E4: Affected test cases | F4: Reported issue (RI) | G4: Evidence | H4: Analysis / root cause | I4: Severity | J4: Priority | K4: Status | L4: Fix / where | M4: Live re-run result (fill) | N4: Re-test date (fill)
A5: AD-01 | B5: Automation defect | C5: Dashboard / Workflow | D5: Start-new-application flow skipped the "Create Draft" page | E5: TC-WF-V01, TC-WF-V03, TC-WF-V08, TC-BEN-V01, TC-CLI-V01, TC-DOC-V01, TC-PROD-V01, TC-RIDER-V01 | G5: RUN-1: every test that begins with "Start New Application" failed; AUTH and DASH tests passed. RUN-2: 73 failures, all in journey specs. | H5: The real app shows an application-start page with a Create Draft button between the dashboard and the client form. The flow clicked New Application and waited for client fields that never appeared. | I5: High | J5: P1 | K5: Verified live in RUN-3 (journeys now reach the product step) | L5: pages/DashboardPage.js startNewApplication()
A6: AD-02 | B6: Automation defect | C6: All UI steps | D6: Guessed data-testid values did not match the application | E6: TC-CLI-V01, TC-PROD-V01, TC-RIDER-V01, TC-BEN-V01, TC-DOC-V01, TC-WF-V03, TC-WF-V08 | G6: RUN-1 and RUN-2 journey failures; third project's page objects list the real ids (e.g. client-first-name-input, product-select, rider-row-<id>). | H6: Only login and dashboard ids were confirmed. Every other id followed a guessed convention. | I6: High | J6: P1 | K6: Mostly verified live in RUN-4 (client, address, KYC, product, beneficiaries, documents, review, confirmation work; riders premium summary still open - AD-13) | L6: config/selectors.js (ids FROM MARKUP; run npm run verify:selectors to prove them)
A7: AD-03 | B7: Automation defect | C7: API | D7: API client did not follow the real contract (agent_email, field names, redirects, payload shapes) | E7: TC-API-V01, TC-API-V02, TC-API-V03, TC-API-V04, TC-API-V05, TC-API-V06, TC-API-V08, TC-API-V10, TC-API-V11 | F7: RI-19 | G7: RUN-1: API-V01 failed in 343 ms, API-V02 in 446 ms (no response text captured). | H7: SUPERSEDED by AD-11: RUN-3 showed HTTP 404 on both API calls, so the first cause is the API base URL, not the contract. The contract fixes (product_name, agent_email on every call, no redirects, snake_case payloads) are still correct but cannot be proven until AD-11 is resolved. | I7: High | J7: P1 | K7: Fixed in code - awaiting live re-run | L7: api/ApiClient.js, api/helpers.js, config/endpoints.js, tests/api/applications.api.spec.js
A8: AD-04 | B8: Automation defect | C8: Product / Riders / Beneficiaries / Documents | D8: Page objects modelled the wrong controls (product and rider cards, Add-beneficiary modal, per-document file inputs, Save draft) | E8: TC-PROD-V01, TC-RIDER-V01, TC-BEN-V01, TC-DOC-V01, TC-WF-V01 | G8: Third project's page objects: product step is a dropdown, riders are table rows, beneficiaries are an always-open form using native alert()/confirm(), documents are one type dropdown + one file input + Upload, and there is no Save draft button. | H8: The wizard model assumed in Submission 2 does not match the application. | I8: High | J8: P1 | K8: Mostly verified live in RUN-4 (product, beneficiary, document pages work); rider premium reading open - AD-13 | L8: pages/ProductPage.js, RiderPage.js, BeneficiaryPage.js, DocumentsPage.js, BasePage.js
A9: AD-05 | B9: Test-data issue | C9: Client / Address / KYC / Product | D9: Test data omitted mandatory fields and used display text instead of the app's option values | E9: TC-CLI-V01, TC-WF-V03 | G9: Third project's data builders: employer address, preferred contact mode, compliance declaration, payment term and coverage term are all required; selects use enum values (MALE, SSN, MONTHLY). | H9: Steps could not be saved without these fields even with correct locators. | I9: Medium | J9: P2 | K9: Fixed in code - awaiting live re-run | L9: utils/dataBuilder.js, pages/KycFinancialPage.js
A10: AD-06 | B10: Test-data issue | C10: Test isolation | D10: Write flows ran as the seeded agent.valid, whose draft is shared and seeded | E10: TC-WF-V01, TC-WF-V03, TC-BEN-V01, TC-CLI-V01 | G10: Login resumes or creates the agent's single draft (BR-AUTH-010); third project runs all write flows as a learner account. | H10: Shared state between tests and with seeded data DASH-* relies on. | I10: Medium | J10: P2 | K10: Fixed in code - awaiting live re-run | L10: config/env.js learnerAgent (set LEARNER_USER to your assigned account); specs use agentRole learnerAgent
A11: AD-07 | B11: Test-data issue | C11: Authentication | D11: AUTH-V02 tried a wrong password on agent.valid; failed attempts count toward the 5-attempt lock (BR-AUTH-005) | E11: TC-AUTH-V02, TC-AUTH-V04, TC-DASH-V01 | F11: RI-02 | G11: AUTH-V04 and DASH-V01 passed in RUN-1 but are missing from RUN-2's passed list. | H11: HYPOTHESIS only: repeated failed attempts may have locked or disturbed agent.valid. Not confirmed - RUN-2 gives no failure text for those two tests. | I11: Medium | J11: P2 | K11: Fixed in code - awaiting live re-run | L11: tests/ui/auth.spec.js AUTH-V02 now uses the second agent
A12: AD-08 | B12: Automation defect | C12: Client / KYC | D12: CLI-V08 (SSN masking, release gate) silently skipped: it looked for an SSN field the real form does not have | E12: TC-CLI-V08 | F12: RI-07 | G12: The real KYC form takes the SSN as the ID number when the ID type is SSN. | H12: A P1 release-gate scenario was not executing. | I12: High | J12: P1 | K12: Fixed in code - awaiting live re-run | L12: tests/ui/client-kyc-sensitive.spec.js CLI-V08 rewritten (masked after reload, on review, no full SSN in page content)
A13: AD-09 | B13: Automation defect | C13: Product | D13: Journeys selected the first "whole life" product, whose minimum sum assured is above the default face value | E13: TC-WF-V03, TC-WF-V08, TC-BEN-V01, TC-DOC-V01, TC-RIDER-V01 | G13: RUN-3: "Sum assured is below the selected product minimum." at the product step in 5 tests (reference data: Elite Legacy minimum 500,000 vs default 250,000; SecureLife minimum 100,000). | H13: The dropdown's first matching entry is not necessarily SecureLife. This is the application correctly enforcing a product rule, not an application defect. | I13: High | J13: P1 | K13: Verified live in RUN-4 (WF-V03, BEN-V01, DOC-V01 now pass) | L13: config/env.js patterns.defaultProduct (SecureLife; override with DEFAULT_PRODUCT_PATTERN); utils/dataBuilder.js
A14: AD-10 | B14: Environment issue | C14: Test setup | D14: First login of a run exceeded the 45 s test timeout while creating the cached session | E14: TC-WF-V01 | G14: RUN-3: "Test timeout of 45000ms exceeded while setting up storageState" on the first test; later tests logged in fine. | H14: PROBABLE: cold lab VM or slow first draft creation on login. Not an application defect unless it recurs after the timeout is raised. | I14: Medium | J14: P2 | K14: Verified live in RUN-4 (WF-V01 passed in 6.6 s; no timeout) | L14: fixtures/index.js storageState fixture has its own 180 s timeout
A15: AD-12 | B15: Automation defect | C15: Review | D15: WF-V08 expected the beneficiary on the review page; the live review snapshot has no beneficiary section | E15: TC-WF-V08 | G15: RUN-4 failure text: review shows Client, Calculated Age, Product, Sum Assured, Frequency, Payment Term, Coverage Term, Base/Rider/Total premium and Status only. | H15: The test over-specified the page. Whether the review SHOULD list beneficiaries is a requirement question (CL-03). | I15: Medium | J15: P2 | K15: Verified live in RUN-5 (WF-V08 passes) | L15: tests/e2e/workflow.spec.js WF-V08 checks client, product, sum assured and premium on review, and the beneficiary on its own step
A16: AD-13 | B16: Automation defect | C16: Riders | D16: RIDER-V01: the rider premium summary figure was not read (NaN after 8 s) | E16: TC-RIDER-V01, TC-RIDER-V07 | F16: RI-12 | G16: RUN-4: "rider premium in the summary ... Expected > 0, Received NaN". | H16: CONFIRMED by the attached diagnostics (RUN-5): the page shows "Current rider premium: $0.00" after the rider is ticked. The premium is calculated by the server on SAVE, not live; the third project's own RIDER-V01 saves, reopens the step and then reads the summary. The test assumed a live update. | I16: Medium | J16: P2 | K16: Fixed in code - awaiting live re-run | L16: tests/ui/riders.spec.js RIDER-V01 saves and reopens the step (RiderPage.saveAndReopen); RIDER-V07 reads the review breakdown (ReviewSubmitPage.premiumBreakdown)
A17: AD-11 | B17: Environment issue | C17: API | D17: API base URL: every API call returned HTTP 404 at <host>:8081/api/ | E17: TC-API-V01, TC-API-V02, TC-API-V03, TC-API-V04, TC-API-V05, TC-API-V06, TC-API-V08, TC-API-V10, TC-API-V11 | G17: RUN-3: API-V01 (with key) and API-V02 (without) both returned 404. curl on 28 Oct: http://34.93.84.61:8000/api/products = connection timed out (not reachable from the tester machine); :8081/api/products and :8082/api/products = HTTP 404 with a Laravel "Not Found" HTML page (Apache/PHP) - the server is up but has no route at that path. | H17: CONFIRMED by the application itself (discover:api, 28 Oct, signed-in session): Laravel answers "The route api/products could not be found" (same for api/applications), and every probed /api prefix is 404. /applications, /products and /applications/<id>/status return normal HTML pages. So this deployment (C:\qa-lab\apps\insurance-order-entry-demo) registers NO API routes. HYPOTHESES to put to the lab admin: the API is only enabled when QA_DEMO_API_KEY is set in the app's environment, or it is a separate service reachable only from the VM (port 8000 timed out from the tester machine). Not an application defect until the lab confirms the API is meant to exist here. | I17: High | J17: P1 | K17: Open - no API routes in this deployment; ask the lab admin | L17: API tests SKIP as an environment issue until the API answers (API_REQUIRED=true makes that a failure). Ask the lab admin: is QA_DEMO_API_KEY set and the API enabled on this VM, and where is it served?
A18: AC-01 | B18: Application defect (candidate) | C18: Review / Validation | D18: Validation errors on the review page render as plain text, not links to the owning section | E18: TC-VAL-V02 | F18: RI-17 | G18: Third project's ReviewPage notes "the app currently renders plain text". VAL-V02 expects clicking an item to navigate. | H18: Either the requirement (links) is unmet or VAL-V02 over-specifies. Confirm the requirement, then reproduce on the lab. | I18: Low | J18: P3 | K18: Candidate - not reproduced
A19: AC-02 | B19: Application defect (candidate) | C19: API | D19: API silently acts as learner001 when agent_email is omitted | E19: TC-API-V08 | F19: RI-19 | G19: Stated in the third project's README and ApiClient notes; not observed by the team. | H19: Possible data-scoping weakness: confirm with a call that omits agent_email. | I19: Medium | J19: P2 | K19: Candidate - not reproduced
A20: AC-03 | B20: Application defect (candidate) | C20: Platform / Security | D20: Unknown routes return a debug exception page that leaks the exception class and the server file path | E20: TC-API-V02 | G20: Observed by the team in discover:api output (28 Oct): GET /api/products with Accept: application/json returns JSON containing "exception": "Symfony\Component\HttpKernel\Exception\NotFoundHttpException" and "file": "C:\qa-lab\apps\insurance-order-entry-demo\vendor\laravel\framework\src...". Reproduce with curl.exe -H "Accept: application/json" http://34.93.84.61:8081/api/products | H20: Looks like APP_DEBUG=true. That is expected in a training lab but would be an information-disclosure finding in any real environment. Confirm with the product owner whether debug mode is intended here before rating it. | I20: Low | J20: P3 | K20: Observed - awaiting confirmation it is not intended
A21: AC-04 | B21: Application defect (candidate) | C21: Client / Review | D21: Calculated Age on the review page shows 36 for a client born exactly 35 years ago today | E21: TC-CLI-V13, TC-WF-V08 | F21: RI-04 | G21: RUN-4 WF-V08 failure text pasted the review snapshot: "Calculated Age 36". The tests enter dobForAge(35) = today minus 35 years (UTC). The exact DOB typed was not captured in that run; CLI-V13 now attaches DOB and age. | H21: Possible off-by-one in the age calculation (a seeded-defect theme, RI-04). NOT yet reproduced deliberately: re-run CLI-V13 and confirm by hand (enter a DOB exactly 35 years ago and read the age on review). | I21: Medium | J21: P2 | K21: Candidate - reproduce with CLI-V13
A22: CL-03 | B22: Clarification | C22: Review | D22: Should the review page list the beneficiaries (and riders)? | E22: TC-WF-V08 | G22: The live review snapshot shows client, product and premiums only. | H22: Ask the product owner; if yes, this is an application gap. | I22: Low | J22: P3 | K22: Open
A23: CL-01 | B23: Clarification | C23: Dashboard | D23: No search or status-filter control is known on the dashboard | E23: TC-DASH-V05, TC-DASH-V07 | G23: Third project's dashboard page object exposes only status counters and the latest 10 applications. | H23: Ask the product owner whether search / filters are in scope before treating DASH-V05/V07 as defects. | I23: Low | J23: P3 | K23: Open
A24: CL-02 | B24: Clarification | C24: Dashboard / Authentication | D24: Login auto-creates a draft, so a brand-new agent never sees the empty dashboard state | E24: TC-DASH-V03 | G24: BR-AUTH-010 (login resumes or creates the agent's draft). | H24: DASH-V03 may be unreachable by design. Confirm with the product owner. | I24: Low | J24: P3 | K24: Open

Sheet Exploration Log
A1: Exploration Log - hands-on walkthrough of the LIVE application BEFORE trusting the scripts
A2: Time-boxed (see total). Yellow cells are for you. Walk the full journey once, then resolve each open item and record it where the last-but-one column says.
A4: Item | B4: What to find out | C4: Record the answer in | D4: Time-box (min) | E4: Dependent test cases | F4: # Dependent | G4: Status | H4: Value found (fill) | I4: Date (fill) | J4: Notes (fill)
A5: Q02 | B5: Base URL / port of the UI and API; reachable from the machine AND from the CI runner | C5: .env INSURANCE_BASE_URL, INSURANCE_API_URL | D5: 5 | F5: =IF(E5="",0,LEN(E5)-LEN(SUBSTITUTE(E5,"TC-","")))/3 | G5: Not started
A6: Q03 | B6: API authentication (bearer token vs session cookie), header names, login response shape; payload field names for client / beneficiary / document calls | C6: .env API_AUTH_MODE, INSURANCE_API_KEY; api/helpers.js payloads | D6: 10 | F6: =IF(E6="",0,LEN(E6)-LEN(SUBSTITUTE(E6,"TC-","")))/3 | G6: Not started
A7: Q04 | B7: Is read-only database access available? Engine, schema / data dictionary | C7: Unblocks DB-01..DB-10 (Blocked until then) | D7: 5 | E7: TC-DB-01, TC-DB-02, TC-DB-03, TC-DB-04, TC-DB-05, TC-DB-06, TC-DB-07, TC-DB-08, TC-DB-09, TC-DB-10 | F7: =IF(E7="",0,LEN(E7)-LEN(SUBSTITUTE(E7,"TC-","")))/3 | G7: Not started
A8: Q06 | B8: Which seeded users exist: new agent, second agent, MFA agent; which can be locked / reset safely (disposable) | C8: .env AGENT_*_EMAIL | D8: 10 | F8: =IF(E8="",0,LEN(E8)-LEN(SUBSTITUTE(E8,"TC-","")))/3 | G8: Not started
A9: Q07 | B9: Lockout behaviour (5th failure locks? duration / unlock) and session timeout length | C9: .env LOCKOUT_ATTEMPTS, SESSION_TIMEOUT_SECONDS | D9: 5 | E9: TC-AUTH-V10 | F9: =IF(E9="",0,LEN(E9)-LEN(SUBSTITUTE(E9,"TC-","")))/3 | G9: Not started
A10: Q08 | B10: How OTP is simulated (fixed code?) for login MFA and password reset | C10: .env OTP_CODE | D10: 5 | E10: TC-AUTH-V08, TC-AUTH-V09, TC-AUTH-V12 | F10: =IF(E10="",0,LEN(E10)-LEN(SUBSTITUTE(E10,"TC-","")))/3 | G10: Not started
A11: Q09 | B11: Exact password policy rules and the change / reset page route | C11: config/messages.js passwordPolicy; tests/ui/auth.spec.js weak list | D11: 5 | E11: TC-AUTH-V08 | F11: =IF(E11="",0,LEN(E11)-LEN(SUBSTITUTE(E11,"TC-","")))/3 | G11: Not started
A12: Q10 | B12: Age 18 and 65 inclusive? Age calculated on which date? | C12: .env AGE_BOUNDARY_INCLUSIVE | D12: 3 | F12: =IF(E12="",0,LEN(E12)-LEN(SUBSTITUTE(E12,"TC-","")))/3 | G12: Not started
A13: Q11 | B13: Income vs premium affordability rule: block or warning, threshold, where it appears | C13: tests/ui/client.spec.js CLI-V12 data; config/messages.js affordability | D13: 5 | F13: =IF(E13="",0,LEN(E13)-LEN(SUBSTITUTE(E13,"TC-","")))/3 | G13: Not started
A14: Q13 | B14: Face value min / max per product, product eligibility by age, suitability mismatch example, exact Whole Life product names | C14: .env FACE_VALUE_MIN/MAX, PRODUCT_NAME_PATTERN, INELIGIBLE_AGE*, SUITABILITY_PRODUCT_PATTERN | D14: 10 | E14: TC-PROD-V03, TC-PROD-V04, TC-PROD-V07, TC-PROD-V08 | F14: =IF(E14="",0,LEN(E14)-LEN(SUBSTITUTE(E14,"TC-","")))/3 | G14: Not started
A15: Q14 | B15: Valid payment-term / policy-term combinations | C15: tests/ui/product.spec.js PROD-V09 | D15: 3 | F15: =IF(E15="",0,LEN(E15)-LEN(SUBSTITUTE(E15,"TC-","")))/3 | G15: Not started
A16: Q15 | B16: Maximum rider count, age-restricted rider, which waiver riders are exclusive, rider names | C16: .env MAX_RIDERS, RIDER_*_PATTERN | D16: 5 | E16: TC-RIDER-V03, TC-RIDER-V05 | F16: =IF(E16="",0,LEN(E16)-LEN(SUBSTITUTE(E16,"TC-","")))/3 | G16: Not started
A17: Q17 | B17: Maximum upload size and which documents are mandatory | C17: .env MAX_UPLOAD_MB | D17: 3 | F17: =IF(E17="",0,LEN(E17)-LEN(SUBSTITUTE(E17,"TC-","")))/3 | G17: Not started
A18: Q21 | B18: Can tests create their own draft applications (UI and API)? Is cleanup possible? | C18: api/helpers.js disposableDraft() | D18: 5 | E18: TC-API-V03, TC-API-V04, TC-API-V05 | F18: =IF(E18="",0,LEN(E18)-LEN(SUBSTITUTE(E18,"TC-","")))/3 | G18: Not started
A19: ROUTES | B19: Walk the full journey once; note the URL of every step, the application id pattern in the URL, and the exact wording of validation messages | C19: config/routes.js, config/messages.js, config/selectors.js (run npm run discover) | D19: 20 | F19: =IF(E19="",0,LEN(E19)-LEN(SUBSTITUTE(E19,"TC-","")))/3 | G19: Not started
A21: Total time-box (min) | D21: =SUM(D5:D19)
A22: Items done | D22: =COUNTIF(G5:G19,"Done")&" of "&COUNTA(A5:A19)
A24: Exit rule: do not start broad automation until ROUTES, Q02, Q03 and Q06 are Done. Other items may stay open - their tests skip with a reason instead of failing falsely.

Sheet Limitations
A1: Known limitations and blocked areas
A3: # | B3: Area | C3: Limitation / blocked item | D3: Impact | E3: Resolution
A4: 1 | B4: Execution | C4: Live runs on 26 Oct (smoke 5/15 passed; full 10/96) used the first code version. The fixes in the Defect Log have only been exercised against an offline mock of the application, which proves internal consistency, not live behaviour. | D4: Selectors and flows are consistent with the application markup but are unproven on the lab | E4: Re-run npm run test:smoke on the lab, then npm run verify:selectors; record results in the Defect Log
A5: 2 | B5: Selectors | C5: Login and dashboard ids are proven by live runs. All other ids come from the application markup as captured in the third project's page objects and are not yet proven live. | D5: A wrong id fails a test for an automation reason | E5: npm run discover then npm run verify:selectors; config/selectors.js is the only file to edit
A6: 3 | B6: Database | C6: No DB engine, schema or access (Q04). DB-01..DB-10 are Blocked. | D6: 10 cases not automated | E6: API reads are used as a proxy where the linked scenario has an API test
A7: 4 | B7: Business rules | C7: Max riders (4), upload size (5 MB) and lockout (5 attempts) are confirmed. Face value limits, age boundary and affordability rule are still TBC. | D7: Dependent tests skip with a reason instead of failing | E7: Resolve in exploration and set the .env values
A8: 5 | B8: Users | C8: Seeded accounts agent.valid/locked/new/mfa/draft/submitted, admin and learner001-030 are confirmed. Disposable lockout and reset users are not (Q06). | D8: Lockout and reset tests skip until disposable users are set | E8: Set AGENT_LOCKOUT_* and AGENT_RESET_* in .env
A9: 6 | B9: Destructive tests | C9: AUTH-V07 locks an account; AUTH-V08/V13 may change a password if the app is defective. | D9: Disposable users required | E9: Use AGENT_LOCKOUT_* and AGENT_RESET_* only with throw-away users
A10: 7 | B10: API payloads | C10: API field names are unconfirmed (Q03). Tests send a valid control request first and skip if it is rejected. | D10: No false defects, but some API tests may skip | E10: Adjust api/helpers.js after exploration
A11: 8 | B11: Shared lab | C11: One worker by default. Parallel runs add load and can collide on shared data. | D11: Slower runs | E11: Raise WORKERS only after a stable single-worker baseline
A12: 9 | B12: Evidence | C12: Traces and videos cannot be masked, so they are disabled for KYC / SSN tests. Masked screenshots are attached instead. | D12: Less debug detail for 4 sensitive tests | E12: Use the masked screenshot and diagnostics.json
A13: 10 | B13: Cross-browser | C13: Chromium primary. Firefox / WebKit smoke only when CROSS_BROWSER=true. | D13: Limited cross-browser coverage | E13: Enable per the plan before release
A14: 11 | B14: Priorities | C14: P1 re-cut from 52 to 19 cases by author judgement. | D14: Mentor / product owner should confirm the gate | E14: Review the Release Gate sheet
A15: 12 | B15: Risk links | C15: 36 cases were not named in the Submission 1 "Covered by" column and were linked to the closest risk by judgement. | D15: Traceability partly judgemental | E15: Review in the Traceability - Risks sheet
... A17: 14 | B17: Merged projects | C17: Built from two projects. Confirmed lab facts from the starter project override Submission 2 guesses (login ids, X-API-Key auth, seeded users, landing page). AUTH-V14 was carried over from the starter as AUTH-V01b. | D17: None if the lab matches the starter project documentation | E17: See docs/confirmed-environment-facts.md
